"Departamento","Código Divipola Departamento","Municipio","Código Divipola Municipio","Programa","Año de Asignacion","Estado","No.SFV Asignados","Valor Asignado"
"ANTIOQUIA","5","MEDELLÍN","5001","Convocatoria","2.024","Asignados","27","772.200.000"
"ANTIOQUIA","5","MEDELLÍN","5001","Convocatoria","2.025","Asignados","16","457.600.000"
"ANTIOQUIA","5","MEDELLÍN","5001","Sentencias judiciales","2.022","Asignados","19","1.443.810.000"
"ANTIOQUIA","5","MEDELLÍN","5001","Sentencias judiciales","2.023","Asignados","107","9.886.046.300"
"ANTIOQUIA","5","MEDELLÍN","5001","Sentencias judiciales","2.024","Asignados","8","823.072.540"
"ANTIOQUIA","5","ABEJORRAL","5002","Sentencias judiciales","2.023","Asignados","1","95.500.000"
"ANTIOQUIA","5","ABEJORRAL","5002","Sentencias judiciales","2.024","Asignados","1","101.400.000"
"ANTIOQUIA","5","ABRIAQUÍ","5004","Sentencias judiciales","2.023","Asignados","1","81.200.000"
"ANTIOQUIA","5","AMAGÁ","5030","Convocatoria","2.024","Asignados","71","576.520.000"
"ANTIOQUIA","5","AMAGÁ","5030","Convocatoria","2.025","Asignados","3","24.360.000"
"ANTIOQUIA","5","ANDES","5034","Convocatoria","2.024","Asignados","17","138.040.000"
"ANTIOQUIA","5","ANDES","5034","Convocatoria","2.025","Asignados","31","251.720.000"
"ANTIOQUIA","5","APARTADÓ","5045","Convocatoria","2.025","Asignados","16","270.400.000"
"ANTIOQUIA","5","APARTADÓ","5045","Sentencias judiciales","2.022","Asignados","3","222.675.000"
"ANTIOQUIA","5","APARTADÓ","5045","Sentencias judiciales","2.023","Asignados","1","100.700.000"
"ANTIOQUIA","5","APARTADÓ","5045","Sentencias judiciales","2.024","Asignados","1","104.000.000"
"ANTIOQUIA","5","APARTADÓ","5045","Sentencias judiciales","2.025","Asignados","1","103.545.000"
"ANTIOQUIA","5","ARMENIA","5059","Convocatoria","2.024","Asignados","15","121.800.000"
"ANTIOQUIA","5","ARMENIA","5059","Convocatoria","2.025","Asignados","14","113.680.000"
"ANTIOQUIA","5","BELLO","5088","Convocatoria","2.024","Asignados","48","1.372.800.000"
"ANTIOQUIA","5","BELLO","5088","Convocatoria","2.025","Asignados","9","257.400.000"
"ANTIOQUIA","5","BETANIA","5091","Convocatoria","2.025","Asignados","18","233.537.490"
"ANTIOQUIA","5","CIUDAD BOLÍVAR","5101","Sentencias judiciales","2.025","Asignados","1","108.745.000"
"ANTIOQUIA","5","BRICEÑO","5107","Convocatoria","2.024","Asignados","20","162.400.000"
"ANTIOQUIA","5","BRICEÑO","5107","Convocatoria","2.025","Asignados","17","138.040.000"
"ANTIOQUIA","5","CÁCERES","5120","Convocatoria","2.025","Asignados","153","3.893.909.000"
"ANTIOQUIA","5","CÁCERES","5120","Sentencias judiciales","2.024","Asignados","1","111.800.000"
"ANTIOQUIA","5","CÁCERES","5120","Sentencias judiciales","2.025","Asignados","1","102.570.000"
"ANTIOQUIA","5","CAICEDO","5125","Convocatoria","2.025","Asignados","38","308.560.000"
"ANTIOQUIA","5","CAREPA","5147","Convocatoria","2.025","Asignados","10","223.600.000"
"ANTIOQUIA","5","CAROLINA","5150","Convocatoria","2.025","Asignados","16","207.588.880"
"ANTIOQUIA","5","CHIGORODÓ","5172","Convocatoria","2.024","Asignados","30","243.600.000"
"ANTIOQUIA","5","CHIGORODÓ","5172","Convocatoria","2.025","Asignados","28","257.920.000"
"ANTIOQUIA","5","CHIGORODÓ","5172","Sentencias judiciales","2.022","Asignados","1","70.000.000"
"ANTIOQUIA","5","CHIGORODÓ","5172","Sentencias judiciales","2.023","Asignados","1","86.300.000"
"ANTIOQUIA","5","CHIGORODÓ","5172","Sentencias judiciales","2.025","Asignados","1","99.645.000"
"ANTIOQUIA","5","COCORNÁ","5197","Sentencias judiciales","2.023","Asignados","1","91.600.000"
"ANTIOQUIA","5","COCORNÁ","5197","Sentencias judiciales","2.025","Asignados","2","240.695.000"
"ANTIOQUIA","5","CONCORDIA","5209","Sentencias judiciales","2.023","Asignados","1","85.750.000"
"ANTIOQUIA","5","CONCORDIA","5209","Sentencias judiciales","2.024","Asignados","1","98.800.000"
"ANTIOQUIA","5","DABEIBA","5234","Convocatoria","2.025","Asignados","21","798.383.000"
"ANTIOQUIA","5","DABEIBA","5234","ETCR","2.024","Asignados","12","1.644.000.000"
"ANTIOQUIA","5","DABEIBA","5234","ETCR","2.025","Asignados","82","12.145.430.000"
"ANTIOQUIA","5","DONMATÍAS","5237","Convocatoria","2.025","Asignados","5","64.871.525"
"ANTIOQUIA","5","EL BAGRE","5250","Sentencias judiciales","2.023","Asignados","1","92.200.000"
"ANTIOQUIA","5","EL BAGRE","5250","Sentencias judiciales","2.024","Asignados","1","100.750.000"
"ANTIOQUIA","5","EL BAGRE","5250","Sentencias judiciales","2.025","Asignados","9","990.405.000"
"ANTIOQUIA","5","GIRARDOTA","5308","Convocatoria","2.025","Asignados","13","304.200.000"
"ANTIOQUIA","5","GIRARDOTA","5308","Sentencias judiciales","2.023","Asignados","1","90.950.000"
"ANTIOQUIA","5","GIRARDOTA","5308","Sentencias judiciales","2.024","Asignados","1","104.650.000"
"ANTIOQUIA","5","GIRARDOTA","5308","Sentencias judiciales","2.025","Asignados","1","104.845.000"
"ANTIOQUIA","5","GÓMEZ PLATA","5310","Convocatoria","2.025","Asignados","18","233.537.490"
"ANTIOQUIA","5","GRANADA","5313","Sentencias judiciales","2.023","Asignados","7","662.975.000"
"ANTIOQUIA","5","GRANADA","5313","Sentencias judiciales","2.024","Asignados","8","831.925.400"
"ANTIOQUIA","5","GRANADA","5313","Sentencias judiciales","2.025","Asignados","4","428.480.000"
"ANTIOQUIA","5","GUARNE","5318","Convocatoria","2.024","Asignados","9","73.080.000"
"ANTIOQUIA","5","GUARNE","5318","Convocatoria","2.025","Asignados","16","374.400.000"
"ANTIOQUIA","5","ITUANGO","5361","Convocatoria","2.025","Asignados","2","25.948.610"
"ANTIOQUIA","5","LA UNIÓN","5400","Sentencias judiciales","2.023","Asignados","2","162.400.000"
"ANTIOQUIA","5","LA UNIÓN","5400","Sentencias judiciales","2.025","Asignados","1","105.170.000"
"ANTIOQUIA","5","LIBORINA","5411","Convocatoria","2.024","Asignados","8","64.960.000"
"ANTIOQUIA","5","LIBORINA","5411","Convocatoria","2.025","Asignados","1","8.120.000"
"ANTIOQUIA","5","MACEO","5425","Sentencias judiciales","2.024","Asignados","2","217.100.000"
"ANTIOQUIA","5","MARINILLA","5440","Convocatoria","2.024","Asignados","22","178.640.000"
"ANTIOQUIA","5","MARINILLA","5440","Convocatoria","2.025","Asignados","11","89.320.000"
"ANTIOQUIA","5","MONTEBELLO","5467","Convocatoria","2.025","Asignados","12","155.691.660"
"ANTIOQUIA","5","MONTEBELLO","5467","Sentencias judiciales","2.025","Asignados","1","113.945.000"
"ANTIOQUIA","5","MUTATÁ","5480","Convocatoria","2.024","Asignados","13","105.560.000"
"ANTIOQUIA","5","MUTATÁ","5480","Convocatoria","2.025","Asignados","3","39.640.000"
"ANTIOQUIA","5","MUTATÁ","5480","Sentencias judiciales","2.024","Asignados","2","197.600.000"
"ANTIOQUIA","5","MUTATÁ","5480","Sentencias judiciales","2.025","Asignados","1","117.845.000"
"ANTIOQUIA","5","NARIÑO","5483","Sentencias judiciales","2.022","Asignados","2","166.000.000"
"ANTIOQUIA","5","NARIÑO","5483","Sentencias judiciales","2.023","Asignados","1","101.350.000"
"ANTIOQUIA","5","NARIÑO","5483","Sentencias judiciales","2.024","Asignados","2","216.775.000"
"ANTIOQUIA","5","NARIÑO","5483","Sentencias judiciales","2.025","Asignados","1","113.945.000"
"ANTIOQUIA","5","NECOCLÍ","5490","Convocatoria","2.022","Asignados","16","1.120.000.000"
"ANTIOQUIA","5","NECOCLÍ","5490","Convocatoria","2.023","Asignados","75","6.090.000.000"
"ANTIOQUIA","5","NECOCLÍ","5490","Convocatoria","2.024","Asignados","4","364.000.000"
"ANTIOQUIA","5","NECOCLÍ","5490","Convocatoria","2.025","Asignados","20","849.225.000"
"ANTIOQUIA","5","NECOCLÍ","5490","Sentencias judiciales","2.023","Asignados","1","95.240.000"
"ANTIOQUIA","5","NECOCLÍ","5490","Sentencias judiciales","2.025","Asignados","1","111.345.000"
"ANTIOQUIA","5","NECHÍ","5495","Convocatoria","2.025","Asignados","155","3.835.145.000"
"ANTIOQUIA","5","NECHÍ","5495","Sentencias judiciales","2.023","Asignados","2","190.400.000"
"ANTIOQUIA","5","NECHÍ","5495","Sentencias judiciales","2.024","Asignados","3","300.175.000"
"ANTIOQUIA","5","NECHÍ","5495","Sentencias judiciales","2.025","Asignados","6","723.508.200"
"ANTIOQUIA","5","PEÑOL","5541","Convocatoria","2.024","Asignados","6","140.400.000"
"ANTIOQUIA","5","PEÑOL","5541","Convocatoria","2.025","Asignados","1","23.400.000"
"ANTIOQUIA","5","PEQUE","5543","Convocatoria","2.024","Asignados","17","397.800.000"
"ANTIOQUIA","5","PEQUE","5543","Convocatoria","2.025","Asignados","7","163.800.000"
"ANTIOQUIA","5","SAN CARLOS","5649","Convocatoria","2.024","Asignados","5","117.000.000"
"ANTIOQUIA","5","SAN CARLOS","5649","Convocatoria","2.025","Asignados","2","46.800.000"
"ANTIOQUIA","5","SAN CARLOS","5649","Sentencias judiciales","2.023","Asignados","7","662.750.000"
"ANTIOQUIA","5","SAN CARLOS","5649","Sentencias judiciales","2.024","Asignados","5","503.690.200"
"ANTIOQUIA","5","SAN CARLOS","5649","Sentencias judiciales","2.025","Asignados","10","1.136.460.000"
"ANTIOQUIA","5","SAN JOSÉ DE LA MONTAÑA","5658","Convocatoria","2.025","Asignados","11","142.717.355"
"ANTIOQUIA","5","SAN JUAN DE URABÁ","5659","Convocatoria","2.022","Asignados","41","2.870.000.000"
"ANTIOQUIA","5","SAN JUAN DE URABÁ","5659","Convocatoria","2.023","Asignados","55","4.466.000.000"
"ANTIOQUIA","5","SAN JUAN DE URABÁ","5659","Convocatoria","2.024","Asignados","2","182.000.000"
"ANTIOQUIA","5","SAN JUAN DE URABÁ","5659","Convocatoria","2.025","Asignados","15","367.955.965"
"ANTIOQUIA","5","SAN LUIS","5660","Sentencias judiciales","2.023","Asignados","1","96.605.000"
"ANTIOQUIA","5","SAN LUIS","5660","Sentencias judiciales","2.024","Asignados","4","409.684.000"
"ANTIOQUIA","5","SAN LUIS","5660","Sentencias judiciales","2.025","Asignados","1","109.395.000"
"ANTIOQUIA","5","SAN PEDRO DE URABÁ","5665","Convocatoria","2.025","Asignados","25","324.357.625"
"ANTIOQUIA","5","SAN RAFAEL","5667","Convocatoria","2.024","Asignados","5","40.600.000"
"ANTIOQUIA","5","SAN RAFAEL","5667","Sentencias judiciales","2.023","Asignados","2","203.600.000"
"ANTIOQUIA","5","SAN RAFAEL","5667","Sentencias judiciales","2.024","Asignados","5","516.360.000"
"ANTIOQUIA","5","SAN RAFAEL","5667","Sentencias judiciales","2.025","Asignados","3","367.997.500"
"ANTIOQUIA","5","SAN ROQUE","5670","Sentencias judiciales","2.023","Asignados","2","174.750.000"
"ANTIOQUIA","5","SAN VICENTE FERRER","5674","Sentencias judiciales","2.023","Asignados","1","97.450.000"
"ANTIOQUIA","5","SAN VICENTE FERRER","5674","Sentencias judiciales","2.024","Asignados","1","91.000.000"
"ANTIOQUIA","5","SANTO DOMINGO","5690","Sentencias judiciales","2.024","Asignados","1","96.200.000"
"ANTIOQUIA","5","EL SANTUARIO","5697","Sentencias judiciales","2.025","Asignados","1","99.645.000"
"ANTIOQUIA","5","SONSÓN","5756","Sentencias judiciales","2.023","Asignados","1","86.200.450"
"ANTIOQUIA","5","SONSÓN","5756","Sentencias judiciales","2.025","Asignados","1","120.445.000"
"ANTIOQUIA","5","SOPETRÁN","5761","Convocatoria","2.024","Asignados","31","251.720.000"
"ANTIOQUIA","5","SOPETRÁN","5761","Convocatoria","2.025","Asignados","38","308.560.000"
"ANTIOQUIA","5","TURBO","5837","Convocatoria","2.024","Asignados","21","170.520.000"
"ANTIOQUIA","5","TURBO","5837","Convocatoria","2.025","Asignados","69","560.280.000"
"ANTIOQUIA","5","TURBO","5837","Sentencias judiciales","2.023","Asignados","4","339.300.000"
"ANTIOQUIA","5","TURBO","5837","Sentencias judiciales","2.024","Asignados","8","793.000.000"
"ANTIOQUIA","5","URRAO","5847","Convocatoria","2.024","Asignados","28","227.360.000"
"ANTIOQUIA","5","URRAO","5847","Convocatoria","2.025","Asignados","8","64.960.000"
"ANTIOQUIA","5","VIGÍA DEL FUERTE","5873","Compromiso","2.025","Asignados","50","6.523.829.325"
"ANTIOQUIA","5","YOLOMBÓ","5890","Sentencias judiciales","2.023","Asignados","1","81.200.000"
"ANTIOQUIA","5","YOLOMBÓ","5890","Sentencias judiciales","2.025","Asignados","1","102.667.500"
"ANTIOQUIA","5","YONDÓ","5893","Sentencias judiciales","2.025","Asignados","1","108.745.000"
"ANTIOQUIA","5","ZARAGOZA","5895","Sentencias judiciales","2.024","Asignados","1","100.000.000"
"ATLÁNTICO","8","GALAPA","8296","Convocatoria","2.025","Asignados","38","889.200.000"
"ATLÁNTICO","8","JUAN DE ACOSTA","8372","Convocatoria","2.025","Asignados","10","234.000.000"
"ATLÁNTICO","8","PALMAR DE VARELA","8520","Convocatoria","2.025","Asignados","4","93.600.000"
"ATLÁNTICO","8","PIOJÓ","8549","Convocatoria","2.025","Asignados","9","210.600.000"
"ATLÁNTICO","8","PONEDERA","8560","Convocatoria","2.025","Asignados","4","93.600.000"
"ATLÁNTICO","8","SABANALARGA","8638","Convocatoria","2.025","Asignados","86","2.012.400.000"
"ATLÁNTICO","8","SANTA LUCÍA","8675","Convocatoria","2.024","Asignados","16","374.400.000"
"ATLÁNTICO","8","SANTA LUCÍA","8675","Convocatoria","2.025","Asignados","19","444.599.683"
"ATLÁNTICO","8","SANTO TOMÁS","8685","Convocatoria","2.025","Asignados","7","163.800.000"
"BOGOTÁ, D.C.","11","BOGOTÁ, D.C.","11001","Sentencias judiciales","2.022","Asignados","17","1.318.263.860"
"BOGOTÁ, D.C.","11","BOGOTÁ, D.C.","11001","Sentencias judiciales","2.023","Asignados","12","1.065.570.200"
"BOGOTÁ, D.C.","11","BOGOTÁ, D.C.","11001","Sentencias judiciales","2.024","Asignados","1","100.100.000"
"BOGOTÁ, D.C.","11","BOGOTÁ, D.C.","11001","Sentencias judiciales","2.025","Asignados","2","217.490.000"
"BOLÍVAR","13","CARTAGENA DE INDIAS","13001","Convocatoria","2.024","Asignados","121","3.087.920.000"
"BOLÍVAR","13","CARTAGENA DE INDIAS","13001","Sentencias judiciales","2.022","Asignados","10","751.388.650"
"BOLÍVAR","13","CARTAGENA DE INDIAS","13001","Sentencias judiciales","2.023","Asignados","32","2.875.915.140"
"BOLÍVAR","13","CARTAGENA DE INDIAS","13001","Sentencias judiciales","2.024","Asignados","24","2.555.156.240"
"BOLÍVAR","13","CARTAGENA DE INDIAS","13001","Sentencias judiciales","2.025","Asignados","25","2.881.825.800"
"BOLÍVAR","13","ARENAL","13042","Convocatoria","2.022","Asignados","31","1.992.060.000"
"BOLÍVAR","13","ARENAL","13042","Convocatoria","2.023","Asignados","1","74.541.600"
"BOLÍVAR","13","ARENAL","13042","Convocatoria","2.024","Asignados","8","668.304.000"
"BOLÍVAR","13","ARENAL","13042","Convocatoria","2.025","Asignados","195","4.634.901.521"
"BOLÍVAR","13","CANTAGALLO","13160","Convocatoria","2.025","Asignados","39","1.087.650.000"
"BOLÍVAR","13","EL CARMEN DE BOLÍVAR","13244","Convocatoria","2.024","Asignados","11","325.594.900"
"BOLÍVAR","13","EL CARMEN DE BOLÍVAR","13244","Convocatoria","2.025","Asignados","6","210.402.396"
"BOLÍVAR","13","EL CARMEN DE BOLÍVAR","13244","Sentencias judiciales","2.022","Asignados","5","373.704.800"
"BOLÍVAR","13","EL CARMEN DE BOLÍVAR","13244","Sentencias judiciales","2.023","Asignados","24","2.164.457.750"
"BOLÍVAR","13","EL CARMEN DE BOLÍVAR","13244","Sentencias judiciales","2.024","Asignados","10","1.045.738.540"
"BOLÍVAR","13","EL CARMEN DE BOLÍVAR","13244","Sentencias judiciales","2.025","Asignados","5","593.927.180"
"BOLÍVAR","13","EL GUAMO","13248","Convocatoria","2.024","Asignados","2","46.800.000"
"BOLÍVAR","13","EL GUAMO","13248","Convocatoria","2.025","Asignados","32","748.800.000"
"BOLÍVAR","13","EL GUAMO","13248","Sentencias judiciales","2.025","Asignados","1","125.610.800"
"BOLÍVAR","13","HATILLO DE LOBA","13300","Convocatoria","2.025","Asignados","11","257.400.000"
"BOLÍVAR","13","MARÍA LA BAJA","13442","Convocatoria","2.024","Asignados","7","178.640.000"
"BOLÍVAR","13","MARÍA LA BAJA","13442","Convocatoria","2.025","Asignados","41","1.030.532.011"
"BOLÍVAR","13","MARÍA LA BAJA","13442","Sentencias judiciales","2.025","Asignados","1","109.545.800"
"BOLÍVAR","13","SANTA CRUZ DE MOMPOX","13468","Convocatoria","2.025","Asignados","21","491.400.000"
"BOLÍVAR","13","MORALES","13473","Convocatoria","2.023","Asignados","32","2.385.331.200"
"BOLÍVAR","13","MORALES","13473","Convocatoria","2.024","Asignados","8","668.304.000"
"BOLÍVAR","13","MORALES","13473","Convocatoria","2.025","Asignados","22","724.042.000"
"BOLÍVAR","13","SAN CRISTÓBAL","13620","Convocatoria","2.025","Asignados","1","23.400.000"
"BOLÍVAR","13","SAN ESTANISLAO","13647","Sentencias judiciales","2.023","Asignados","2","177.060.800"
"BOLÍVAR","13","SAN ESTANISLAO","13647","Sentencias judiciales","2.024","Asignados","1","100.900.800"
"BOLÍVAR","13","SAN ESTANISLAO","13647","Sentencias judiciales","2.025","Asignados","1","115.115.000"
"BOLÍVAR","13","SAN JACINTO","13654","Convocatoria","2.025","Asignados","19","697.530.680"
"BOLÍVAR","13","SAN JACINTO","13654","Sentencias judiciales","2.023","Asignados","1","90.862.800"
"BOLÍVAR","13","SAN JACINTO","13654","Sentencias judiciales","2.024","Asignados","1","114.979.690"
"BOLÍVAR","13","SAN JUAN NEPOMUCENO","13657","Convocatoria","2.025","Asignados","93","2.393.027.625"
"BOLÍVAR","13","SAN JUAN NEPOMUCENO","13657","Sentencias judiciales","2.024","Asignados","1","116.920.580"
"BOLÍVAR","13","SAN JUAN NEPOMUCENO","13657","Sentencias judiciales","2.025","Asignados","3","362.366.760"
"BOLÍVAR","13","SAN MARTÍN DE LOBA","13667","Convocatoria","2.025","Asignados","24","561.600.000"
"BOLÍVAR","13","SAN PABLO","13670","Convocatoria","2.022","Asignados","29","1.863.540.000"
"BOLÍVAR","13","SAN PABLO","13670","Convocatoria","2.023","Asignados","3","223.624.800"
"BOLÍVAR","13","SAN PABLO","13670","Convocatoria","2.024","Asignados","8","668.304.000"
"BOLÍVAR","13","SAN PABLO","13670","Convocatoria","2.025","Asignados","22","723.474.000"
"BOLÍVAR","13","SANTA CATALINA","13673","Convocatoria","2.025","Asignados","1","23.400.000"
"BOLÍVAR","13","SANTA ROSA DEL SUR","13688","Convocatoria","2.022","Asignados","28","1.799.280.000"
"BOLÍVAR","13","SANTA ROSA DEL SUR","13688","Convocatoria","2.023","Asignados","4","298.166.400"
"BOLÍVAR","13","SANTA ROSA DEL SUR","13688","Convocatoria","2.024","Asignados","8","668.304.000"
"BOLÍVAR","13","SANTA ROSA DEL SUR","13688","Convocatoria","2.025","Asignados","1","23.400.000"
"BOLÍVAR","13","SIMITÍ","13744","Convocatoria","2.022","Asignados","30","1.927.800.000"
"BOLÍVAR","13","SIMITÍ","13744","Convocatoria","2.023","Asignados","2","149.083.200"
"BOLÍVAR","13","SIMITÍ","13744","Convocatoria","2.024","Asignados","8","668.304.000"
"BOLÍVAR","13","SIMITÍ","13744","Convocatoria","2.025","Asignados","20","645.622.000"
"BOLÍVAR","13","TALAIGUA NUEVO","13780","Convocatoria","2.025","Asignados","4","93.600.000"
"BOLÍVAR","13","VILLANUEVA","13873","Sentencias judiciales","2.023","Asignados","1","85.008.000"
"BOLÍVAR","13","ZAMBRANO","13894","Convocatoria","2.024","Asignados","4","102.080.000"
"BOLÍVAR","13","ZAMBRANO","13894","Convocatoria","2.025","Asignados","6","214.181.536"
"BOLÍVAR","13","ZAMBRANO","13894","Sentencias judiciales","2.022","Asignados","1","89.963.440"
"BOLÍVAR","13","ZAMBRANO","13894","Sentencias judiciales","2.024","Asignados","4","419.692.000"
"BOYACÁ","15","ARCABUCO","15051","Convocatoria","2.022","Asignados","11","770.000.000"
"BOYACÁ","15","ARCABUCO","15051","Convocatoria","2.023","Asignados","2","162.400.000"
"BOYACÁ","15","ARCABUCO","15051","Convocatoria","2.024","Asignados","2","182.000.000"
"BOYACÁ","15","CHITARAQUE","15185","Convocatoria","2.022","Asignados","19","1.330.000.000"
"BOYACÁ","15","CHITARAQUE","15185","Convocatoria","2.024","Asignados","1","91.000.000"
"BOYACÁ","15","CÓMBITA","15204","Convocatoria","2.025","Asignados","1","23.400.000"
"BOYACÁ","15","DUITAMA","15238","Convocatoria","2.025","Asignados","39","912.597.240"
"BOYACÁ","15","MONIQUIRÁ","15469","Convocatoria","2.022","Asignados","23","1.610.000.000"
"BOYACÁ","15","MONIQUIRÁ","15469","Convocatoria","2.024","Asignados","2","182.000.000"
"BOYACÁ","15","PUERTO BOYACÁ","15572","Sentencias judiciales","2.024","Asignados","2","182.000.000"
"BOYACÁ","15","SANTANA","15686","Convocatoria","2.023","Asignados","18","1.461.600.000"
"BOYACÁ","15","SANTANA","15686","Convocatoria","2.024","Asignados","2","182.000.000"
"BOYACÁ","15","SANTA ROSA DE VITERBO","15693","Convocatoria","2.025","Asignados","14","327.595.562"
"BOYACÁ","15","TOCA","15814","Convocatoria","2.025","Asignados","44","1.029.600.000"
"BOYACÁ","15","TOGÜÍ","15816","Convocatoria","2.022","Asignados","20","1.400.000.000"
"CALDAS","17","ANSERMA","17042","Compromiso","2.024","Asignados","2","182.000.000"
"CALDAS","17","ANSERMA","17042","Compromiso","2.025","Asignados","9","281.853.000"
"CALDAS","17","FILADELFIA","17272","Compromiso","2.025","Asignados","4","125.268.000"
"CALDAS","17","FILADELFIA","17272","Convocatoria","2.023","Asignados","12","974.400.000"
"CALDAS","17","FILADELFIA","17272","Convocatoria","2.024","Asignados","9","819.000.000"
"CALDAS","17","LA MERCED","17388","Convocatoria","2.023","Asignados","11","893.200.000"
"CALDAS","17","LA MERCED","17388","Convocatoria","2.024","Asignados","4","364.000.000"
"CALDAS","17","MANZANARES","17433","Sentencias judiciales","2.023","Asignados","1","81.200.000"
"CALDAS","17","MARMATO","17442","Convocatoria","2.023","Asignados","13","1.055.600.003"
"CALDAS","17","MARMATO","17442","Convocatoria","2.024","Asignados","7","637.000.000"
"CALDAS","17","RIOSUCIO","17614","Compromiso","2.024","Asignados","6","546.000.000"
"CALDAS","17","RIOSUCIO","17614","Compromiso","2.025","Asignados","83","6.220.695.000"
"CALDAS","17","RIOSUCIO","17614","Convocatoria","2.023","Asignados","11","893.200.000"
"CALDAS","17","RIOSUCIO","17614","Convocatoria","2.024","Asignados","14","1.274.000.000"
"CALDAS","17","RIOSUCIO","17614","Sentencias judiciales","2.024","Asignados","1","91.000.000"
"CALDAS","17","RIOSUCIO","17614","Sentencias judiciales","2.025","Asignados","1","109.395.000"
"CALDAS","17","RISARALDA","17616","Compromiso","2.025","Asignados","2","130.962.000"
"CALDAS","17","SAMANÁ","17662","Sentencias judiciales","2.022","Asignados","1","84.950.000"
"CALDAS","17","SAMANÁ","17662","Sentencias judiciales","2.024","Asignados","1","109.200.000"
"CALDAS","17","SAMANÁ","17662","Sentencias judiciales","2.025","Asignados","2","241.215.000"
"CALDAS","17","SAN JOSÉ","17665","Compromiso","2.025","Asignados","1","99.645.000"
"CALDAS","17","SUPÍA","17777","Compromiso","2.025","Asignados","24","1.708.200.000"
"CALDAS","17","SUPÍA","17777","Convocatoria","2.023","Asignados","18","1.461.600.003"
"CALDAS","17","SUPÍA","17777","Convocatoria","2.024","Asignados","2","182.000.000"
"CALDAS","17","VILLAMARÍA","17873","Sentencias judiciales","2.023","Asignados","1","86.200.000"
"CAQUETÁ","18","FLORENCIA","18001","Convocatoria","2.023","Asignados","42","3.410.400.000"
"CAQUETÁ","18","FLORENCIA","18001","Convocatoria","2.024","Asignados","302","8.959.594.343"
"CAQUETÁ","18","FLORENCIA","18001","Convocatoria","2.025","Asignados","19","923.367.900"
"CAQUETÁ","18","EL DONCELLO","18247","Convocatoria","2.024","Asignados","12","322.180.000"
"CAQUETÁ","18","EL DONCELLO","18247","Convocatoria","2.025","Asignados","3","70.200.000"
"CAQUETÁ","18","EL DONCELLO","18247","ETCR","2.023","Asignados","43","4.489.200.000"
"CAQUETÁ","18","EL DONCELLO","18247","ETCR","2.024","Asignados","60","7.020.000.000"
"CAQUETÁ","18","EL DONCELLO","18247","ETCR","2.025","Asignados","2","234.000.000"
"CAQUETÁ","18","EL PAUJÍL","18256","Convocatoria","2.025","Asignados","7","163.800.000"
"CAQUETÁ","18","LA MONTAÑITA","18410","Convocatoria","2.024","Asignados","26","2.366.000.000"
"CAQUETÁ","18","LA MONTAÑITA","18410","Convocatoria","2.025","Asignados","6","597.870.000"
"CAQUETÁ","18","PUERTO RICO","18592","Convocatoria","2.024","Asignados","37","3.367.000.000"
"CAQUETÁ","18","PUERTO RICO","18592","Convocatoria","2.025","Asignados","14","1.166.295.000"
"CAQUETÁ","18","SOLITA","18785","Convocatoria","2.025","Asignados","10","996.450.000"
"CAUCA","19","POPAYÁN","19001","Compromiso","2.022","Asignados","9","167.475.861"
"CAUCA","19","POPAYÁN","19001","Compromiso","2.023","Asignados","12","285.109.440"
"CAUCA","19","POPAYÁN","19001","Compromiso","2.025","Asignados","1","23.759.120"
"CAUCA","19","POPAYÁN","19001","Convocatoria","2.024","Asignados","23","657.800.000"
"CAUCA","19","POPAYÁN","19001","Convocatoria","2.025","Asignados","50","1.305.200.000"
"CAUCA","19","POPAYÁN","19001","Sentencias judiciales","2.022","Asignados","18","1.334.206.756"
"CAUCA","19","POPAYÁN","19001","Sentencias judiciales","2.023","Asignados","9","770.787.400"
"CAUCA","19","POPAYÁN","19001","Sentencias judiciales","2.024","Asignados","2","187.767.500"
"CAUCA","19","POPAYÁN","19001","Sentencias judiciales","2.025","Asignados","4","421.182.000"
"CAUCA","19","BOLÍVAR","19100","Compromiso","2.024","Asignados","2","47.518.240"
"CAUCA","19","BOLÍVAR","19100","Compromiso","2.025","Asignados","4","95.036.480"
"CAUCA","19","BUENOS AIRES","19110","Compromiso","2.024","Asignados","15","356.386.800"
"CAUCA","19","CAJIBÍO","19130","Compromiso","2.024","Asignados","15","1.365.000.000"
"CAUCA","19","CAJIBÍO","19130","Convocatoria","2.024","Asignados","19","485.910.886"
"CAUCA","19","CAJIBÍO","19130","Convocatoria","2.025","Asignados","37","1.078.100.000"
"CAUCA","19","CAJIBÍO","19130","Sentencias judiciales","2.023","Asignados","2","162.400.000"
"CAUCA","19","CAJIBÍO","19130","Sentencias judiciales","2.024","Asignados","3","273.000.000"
"CAUCA","19","CAJIBÍO","19130","Sentencias judiciales","2.025","Asignados","4","409.730.500"
"CAUCA","19","CALDONO","19137","Compromiso","2.022","Asignados","37","688.511.873"
"CAUCA","19","CALDONO","19137","Compromiso","2.023","Asignados","1","23.759.120"
"CAUCA","19","CALDONO","19137","Compromiso","2.024","Asignados","4","95.036.480"
"CAUCA","19","CALDONO","19137","Convocatoria","2.024","Asignados","18","473.199.761"
"CAUCA","19","CALDONO","19137","Convocatoria","2.025","Asignados","22","540.800.000"
"CAUCA","19","CALDONO","19137","ETCR","2.022","Asignados","54","4.860.000.000"
"CAUCA","19","CALDONO","19137","ETCR","2.023","Asignados","35","3.654.000.000"
"CAUCA","19","CALDONO","19137","ETCR","2.024","Asignados","50","5.850.000.000"
"CAUCA","19","CALDONO","19137","ETCR","2.025","Asignados","1","117.000.000"
"CAUCA","19","CALDONO","19137","Sentencias judiciales","2.024","Asignados","1","91.000.000"
"CAUCA","19","CALOTO","19142","Compromiso","2.022","Asignados","12","223.301.148"
"CAUCA","19","CALOTO","19142","Compromiso","2.023","Asignados","1","23.759.120"
"CAUCA","19","CALOTO","19142","Convocatoria","2.025","Asignados","21","685.588.000"
"CAUCA","19","CORINTO","19212","Compromiso","2.024","Asignados","2","47.518.240"
"CAUCA","19","CORINTO","19212","Convocatoria","2.025","Asignados","18","617.476.000"
"CAUCA","19","EL TAMBO","19256","Compromiso","2.022","Asignados","13","241.909.577"
"CAUCA","19","EL TAMBO","19256","Compromiso","2.023","Asignados","3","71.277.360"
"CAUCA","19","EL TAMBO","19256","Compromiso","2.024","Asignados","35","2.916.036.480"
"CAUCA","19","EL TAMBO","19256","Compromiso","2.025","Asignados","2","123.404.120"
"CAUCA","19","EL TAMBO","19256","Convocatoria","2.024","Asignados","20","514.799.273"
"CAUCA","19","EL TAMBO","19256","Convocatoria","2.025","Asignados","50","1.440.963.000"
"CAUCA","19","EL TAMBO","19256","Sentencias judiciales","2.024","Asignados","2","192.500.000"
"CAUCA","19","INZÁ","19355","Compromiso","2.022","Asignados","65","2.309.187.793"
"CAUCA","19","INZÁ","19355","Compromiso","2.023","Asignados","28","1.445.262.560"
"CAUCA","19","INZÁ","19355","Compromiso","2.024","Asignados","13","308.868.560"
"CAUCA","19","INZÁ","19355","Compromiso","2.025","Asignados","5","215.343.380"
"CAUCA","19","JAMBALÓ","19364","Compromiso","2.023","Asignados","7","166.313.840"
"CAUCA","19","JAMBALÓ","19364","Compromiso","2.025","Asignados","1","23.759.120"
"CAUCA","19","LA SIERRA","19392","Compromiso","2.025","Asignados","6","142.554.720"
"CAUCA","19","LA SIERRA","19392","Sentencias judiciales","2.023","Asignados","1","81.200.000"
"CAUCA","19","LA VEGA","19397","Compromiso","2.022","Asignados","22","409.385.438"
"CAUCA","19","LA VEGA","19397","Compromiso","2.023","Asignados","12","285.109.440"
"CAUCA","19","LA VEGA","19397","Compromiso","2.024","Asignados","7","166.313.840"
"CAUCA","19","LA VEGA","19397","Compromiso","2.025","Asignados","2","47.518.240"
"CAUCA","19","LA VEGA","19397","Sentencias judiciales","2.023","Asignados","2","193.163.200"
"CAUCA","19","LÓPEZ DE MICAY","19418","Convocatoria","2.023","Asignados","9","743.427.549"
"CAUCA","19","MORALES","19473","Compromiso","2.024","Asignados","11","1.001.000.000"
"CAUCA","19","MORALES","19473","Compromiso","2.025","Asignados","1","99.645.000"
"CAUCA","19","MORALES","19473","Convocatoria","2.024","Asignados","17","470.599.713"
"CAUCA","19","MORALES","19473","Convocatoria","2.025","Asignados","47","1.299.307.000"
"CAUCA","19","MORALES","19473","Sentencias judiciales","2.024","Asignados","1","91.000.000"
"CAUCA","19","PÁEZ","19517","Compromiso","2.021","Asignados","27","1.602.067.491"
"CAUCA","19","PÁEZ","19517","Compromiso","2.022","Asignados","220","13.053.883.260"
"CAUCA","19","PÁEZ","19517","Compromiso","2.023","Asignados","30","2.220.787.520"
"CAUCA","19","PÁEZ","19517","Compromiso","2.025","Asignados","1","23.759.120"
"CAUCA","19","PATÍA","19532","Compromiso","2.024","Asignados","17","1.547.000.000"
"CAUCA","19","PATÍA","19532","Convocatoria","2.024","Asignados","78","1.672.151.706"
"CAUCA","19","PATÍA","19532","Convocatoria","2.025","Asignados","120","3.274.404.895"
"CAUCA","19","PIENDAMÓ - TUNÍA","19548","Compromiso","2.024","Asignados","43","2.971.627.680"
"CAUCA","19","PIENDAMÓ - TUNÍA","19548","Compromiso","2.025","Asignados","1","99.645.000"
"CAUCA","19","PIENDAMÓ - TUNÍA","19548","Convocatoria","2.024","Asignados","114","2.735.197.099"
"CAUCA","19","PIENDAMÓ - TUNÍA","19548","Convocatoria","2.025","Asignados","77","1.833.000.000"
"CAUCA","19","PURACÉ","19585","Compromiso","2.022","Asignados","22","409.385.438"
"CAUCA","19","PURACÉ","19585","Compromiso","2.023","Asignados","11","261.350.320"
"CAUCA","19","PURACÉ","19585","Compromiso","2.024","Asignados","1","23.759.120"
"CAUCA","19","ROSAS","19622","Compromiso","2.023","Asignados","1","23.759.120"
"CAUCA","19","ROSAS","19622","Compromiso","2.025","Asignados","1","23.759.120"
"CAUCA","19","ROSAS","19622","Convocatoria","2.024","Asignados","13","356.199.649"
"CAUCA","19","ROSAS","19622","Convocatoria","2.025","Asignados","5","137.800.000"
"CAUCA","19","ROSAS","19622","Sentencias judiciales","2.025","Asignados","1","99.645.000"
"CAUCA","19","SANTANDER DE QUILICHAO","19698","Compromiso","2.022","Asignados","23","427.993.867"
"CAUCA","19","SANTANDER DE QUILICHAO","19698","Compromiso","2.023","Asignados","14","332.627.680"
"CAUCA","19","SANTANDER DE QUILICHAO","19698","Compromiso","2.024","Asignados","5","118.795.600"
"CAUCA","19","SANTANDER DE QUILICHAO","19698","Sentencias judiciales","2.023","Asignados","1","81.200.000"
"CAUCA","19","SANTANDER DE QUILICHAO","19698","Sentencias judiciales","2.025","Asignados","1","99.645.000"
"CAUCA","19","SANTA ROSA","19701","Sentencias judiciales","2.025","Asignados","1","99.645.000"
"CAUCA","19","SILVIA","19743","Compromiso","2.022","Asignados","15","279.126.435"
"CAUCA","19","SILVIA","19743","Compromiso","2.023","Asignados","9","213.832.080"
"CAUCA","19","SILVIA","19743","Compromiso","2.024","Asignados","13","1.115.759.120"
"CAUCA","19","SILVIA","19743","Compromiso","2.025","Asignados","2","47.518.240"
"CAUCA","19","SILVIA","19743","Convocatoria","2.024","Asignados","19","470.597.645"
"CAUCA","19","SILVIA","19743","Convocatoria","2.025","Asignados","11","262.600.000"
"CAUCA","19","SOTARÁ PAISPAMBA","19760","Sentencias judiciales","2.025","Asignados","1","107.335.000"
"CAUCA","19","SUÁREZ","19780","Convocatoria","2.024","Asignados","2","36.052.800"
"CAUCA","19","SUÁREZ","19780","Convocatoria","2.025","Asignados","54","1.730.278.538"
"CAUCA","19","TIMBÍO","19807","Compromiso","2.024","Asignados","32","2.912.000.000"
"CAUCA","19","TIMBÍO","19807","Convocatoria","2.023","Asignados","5","104.396.983"
"CAUCA","19","TIMBÍO","19807","Convocatoria","2.024","Asignados","26","686.398.909"
"CAUCA","19","TIMBÍO","19807","Convocatoria","2.025","Asignados","21","527.800.000"
"CAUCA","19","TIMBÍO","19807","Sentencias judiciales","2.024","Asignados","3","289.800.000"
"CAUCA","19","TIMBÍO","19807","Sentencias judiciales","2.025","Asignados","2","207.364.500"
"CAUCA","19","TORIBÍO","19821","Compromiso","2.022","Asignados","12","223.301.148"
"CAUCA","19","TORIBÍO","19821","Compromiso","2.023","Asignados","8","190.072.960"
"CAUCA","19","TORIBÍO","19821","Compromiso","2.025","Asignados","3","71.277.360"
"CAUCA","19","TOTORÓ","19824","Compromiso","2.022","Asignados","15","279.126.435"
"CAUCA","19","TOTORÓ","19824","Compromiso","2.023","Asignados","13","308.868.560"
"CAUCA","19","TOTORÓ","19824","Compromiso","2.024","Asignados","3","71.277.360"
"CAUCA","19","TOTORÓ","19824","Compromiso","2.025","Asignados","1","23.759.120"
"CESAR","20","VALLEDUPAR","20001","Convocatoria","2.022","Asignados","36","2.313.360.000"
"CESAR","20","VALLEDUPAR","20001","Convocatoria","2.023","Asignados","4","298.166.400"
"CESAR","20","VALLEDUPAR","20001","Convocatoria","2.024","Asignados","135","3.732.729.106"
"CESAR","20","VALLEDUPAR","20001","Convocatoria","2.025","Asignados","122","2.854.800.000"
"CESAR","20","VALLEDUPAR","20001","Sentencias judiciales","2.023","Asignados","3","286.404.300"
"CESAR","20","VALLEDUPAR","20001","Sentencias judiciales","2.024","Asignados","4","403.158.140"
"CESAR","20","VALLEDUPAR","20001","Sentencias judiciales","2.025","Asignados","3","298.935.000"
"CESAR","20","AGUSTÍN CODAZZI","20013","Convocatoria","2.022","Asignados","30","1.927.800.000"
"CESAR","20","AGUSTÍN CODAZZI","20013","Convocatoria","2.023","Asignados","2","149.083.200"
"CESAR","20","AGUSTÍN CODAZZI","20013","Convocatoria","2.025","Asignados","171","4.001.400.000"
"CESAR","20","AGUSTÍN CODAZZI","20013","Sentencias judiciales","2.023","Asignados","1","100.846.900"
"CESAR","20","AGUSTÍN CODAZZI","20013","Sentencias judiciales","2.024","Asignados","2","216.867.000"
"CESAR","20","AGUSTÍN CODAZZI","20013","Sentencias judiciales","2.025","Asignados","1","99.645.000"
"CESAR","20","ASTREA","20032","Convocatoria","2.025","Asignados","57","1.333.800.000"
"CESAR","20","ASTREA","20032","Sentencias judiciales","2.024","Asignados","1","109.499.740"
"CESAR","20","BECERRIL","20045","Convocatoria","2.025","Asignados","114","2.667.600.000"
"CESAR","20","BECERRIL","20045","Sentencias judiciales","2.023","Asignados","9","840.982.100"
"CESAR","20","BECERRIL","20045","Sentencias judiciales","2.024","Asignados","6","629.538.000"
"CESAR","20","BECERRIL","20045","Sentencias judiciales","2.025","Asignados","3","311.620.400"
"CESAR","20","BOSCONIA","20060","Sentencias judiciales","2.024","Asignados","1","109.499.740"
"CESAR","20","CHIMICHAGUA","20175","Convocatoria","2.025","Asignados","57","1.333.800.000"
"CESAR","20","CHIMICHAGUA","20175","Sentencias judiciales","2.024","Asignados","1","113.211.350"
"CESAR","20","CHIRIGUANÁ","20178","Sentencias judiciales","2.024","Asignados","2","229.103.380"
"CESAR","20","CURUMANÍ","20228","Convocatoria","2.025","Asignados","57","1.333.800.000"
"CESAR","20","CURUMANÍ","20228","Sentencias judiciales","2.025","Asignados","1","112.330.400"
"CESAR","20","EL COPEY","20238","Sentencias judiciales","2.023","Asignados","1","100.549.400"
"CESAR","20","EL COPEY","20238","Sentencias judiciales","2.024","Asignados","3","318.374.700"
"CESAR","20","EL COPEY","20238","Sentencias judiciales","2.025","Asignados","2","224.660.800"
"CESAR","20","LA JAGUA DE IBIRICO","20400","Convocatoria","2.025","Asignados","6","140.400.000"
"CESAR","20","LA JAGUA DE IBIRICO","20400","Sentencias judiciales","2.022","Asignados","1","72.284.800"
"CESAR","20","LA JAGUA DE IBIRICO","20400","Sentencias judiciales","2.024","Asignados","1","104.923.000"
"CESAR","20","LA JAGUA DE IBIRICO","20400","Sentencias judiciales","2.025","Asignados","1","112.330.400"
"CESAR","20","MANAURE BALCÓN DEL CESAR","20443","Convocatoria","2.025","Asignados","31","725.400.000"
"CESAR","20","PELAYA","20550","Sentencias judiciales","2.025","Asignados","1","112.949.200"
"CESAR","20","PUEBLO BELLO","20570","Convocatoria","2.023","Asignados","46","3.428.913.600"
"CESAR","20","RÍO DE ORO","20614","Sentencias judiciales","2.024","Asignados","1","91.000.000"
"CESAR","20","LA PAZ","20621","Convocatoria","2.022","Asignados","12","771.120.000"
"CESAR","20","LA PAZ","20621","Convocatoria","2.023","Asignados","12","894.499.200"
"CESAR","20","LA PAZ","20621","Convocatoria","2.025","Asignados","57","1.333.800.000"
"CESAR","20","SAN ALBERTO","20710","Sentencias judiciales","2.023","Asignados","1","83.627.600"
"CESAR","20","SAN ALBERTO","20710","Sentencias judiciales","2.024","Asignados","1","96.890.500"
"CESAR","20","SAN DIEGO","20750","Convocatoria","2.022","Asignados","21","1.349.460.000"
"CESAR","20","SAN DIEGO","20750","Convocatoria","2.023","Asignados","3","223.624.800"
"CESAR","20","SAN DIEGO","20750","Convocatoria","2.024","Asignados","15","382.800.000"
"CESAR","20","SAN DIEGO","20750","Convocatoria","2.025","Asignados","181","4.286.497.531"
"CESAR","20","SAN DIEGO","20750","Sentencias judiciales","2.022","Asignados","1","81.662.000"
"CESAR","20","SAN DIEGO","20750","Sentencias judiciales","2.024","Asignados","1","96.569.200"
"CESAR","20","SAN DIEGO","20750","Sentencias judiciales","2.025","Asignados","1","99.645.000"
"CESAR","20","SAN MARTÍN","20770","Sentencias judiciales","2.024","Asignados","3","313.800.340"
"CESAR","20","TAMALAMEQUE","20787","Convocatoria","2.025","Asignados","37","865.800.000"
"CESAR","20","TAMALAMEQUE","20787","Sentencias judiciales","2.023","Asignados","1","92.647.800"
"CESAR","20","TAMALAMEQUE","20787","Sentencias judiciales","2.024","Asignados","1","106.630.034"
"CESAR","20","TAMALAMEQUE","20787","Sentencias judiciales","2.025","Asignados","1","112.949.200"
"CÓRDOBA","23","MONTERÍA","23001","Sentencias judiciales","2.022","Asignados","11","830.550.000"
"CÓRDOBA","23","MONTERÍA","23001","Sentencias judiciales","2.023","Asignados","16","1.432.131.800"
"CÓRDOBA","23","MONTERÍA","23001","Sentencias judiciales","2.024","Asignados","16","1.571.035.000"
"CÓRDOBA","23","MONTERÍA","23001","Sentencias judiciales","2.025","Asignados","12","1.380.628.580"
"CÓRDOBA","23","AYAPEL","23068","Sentencias judiciales","2.025","Asignados","3","376.832.400"
"CÓRDOBA","23","CANALETE","23090","Convocatoria","2.025","Asignados","147","3.439.800.000"
"CÓRDOBA","23","CANALETE","23090","Sentencias judiciales","2.025","Asignados","1","112.306.600"
"CÓRDOBA","23","CHINÚ","23182","Convocatoria","2.025","Asignados","62","1.965.059.715"
"CÓRDOBA","23","CHINÚ","23182","Sentencias judiciales","2.024","Asignados","1","109.207.000"
"CÓRDOBA","23","CIÉNAGA DE ORO","23189","Convocatoria","2.025","Asignados","48","1.123.200.000"
"CÓRDOBA","23","LORICA","23417","Convocatoria","2.024","Asignados","21","491.400.000"
"CÓRDOBA","23","LORICA","23417","Convocatoria","2.025","Asignados","74","1.778.400.000"
"CÓRDOBA","23","MOMIL","23464","Convocatoria","2.025","Asignados","321","8.053.579.266"
"CÓRDOBA","23","MONTELÍBANO","23466","Convocatoria","2.022","Asignados","79","5.076.540.000"
"CÓRDOBA","23","MONTELÍBANO","23466","Convocatoria","2.023","Asignados","1","74.541.600"
"CÓRDOBA","23","MONTELÍBANO","23466","Convocatoria","2.024","Asignados","19","1.587.222.000"
"CÓRDOBA","23","MONTELÍBANO","23466","Convocatoria","2.025","Asignados","234","7.981.621.343"
"CÓRDOBA","23","PUEBLO NUEVO","23570","Convocatoria","2.025","Asignados","236","5.522.400.000"
"CÓRDOBA","23","PUEBLO NUEVO","23570","Sentencias judiciales","2.025","Asignados","1","113.306.200"
"CÓRDOBA","23","PUERTO ESCONDIDO","23574","Convocatoria","2.025","Asignados","184","4.305.600.000"
"CÓRDOBA","23","PUERTO ESCONDIDO","23574","Sentencias judiciales","2.025","Asignados","1","99.645.000"
"CÓRDOBA","23","PUERTO LIBERTADOR","23580","Convocatoria","2.022","Asignados","80","5.140.800.000"
"CÓRDOBA","23","PUERTO LIBERTADOR","23580","Convocatoria","2.024","Asignados","9","751.842.000"
"CÓRDOBA","23","PUERTO LIBERTADOR","23580","Convocatoria","2.025","Asignados","589","16.304.200.501"
"CÓRDOBA","23","SAHAGÚN","23660","Convocatoria","2.025","Asignados","108","3.373.319.468"
"CÓRDOBA","23","SAHAGÚN","23660","Sentencias judiciales","2.024","Asignados","1","96.033.700"
"CÓRDOBA","23","SAN BERNARDO DEL VIENTO","23675","Convocatoria","2.025","Asignados","88","2.925.873.732"
"CÓRDOBA","23","SAN CARLOS","23678","Convocatoria","2.024","Asignados","11","314.600.000"
"CÓRDOBA","23","SAN CARLOS","23678","Convocatoria","2.025","Asignados","118","3.566.499.445"
"CÓRDOBA","23","SAN PELAYO","23686","Convocatoria","2.025","Asignados","127","2.971.800.000"
"CÓRDOBA","23","TIERRALTA","23807","Convocatoria","2.025","Asignados","296","7.710.009.385"
"CÓRDOBA","23","TIERRALTA","23807","Sentencias judiciales","2.023","Asignados","1","86.531.200"
"CÓRDOBA","23","TIERRALTA","23807","Sentencias judiciales","2.024","Asignados","6","638.379.700"
"CÓRDOBA","23","TIERRALTA","23807","Sentencias judiciales","2.025","Asignados","2","209.550.180"
"CÓRDOBA","23","VALENCIA","23855","Convocatoria","2.025","Asignados","285","6.953.833.826"
"CÓRDOBA","23","VALENCIA","23855","Sentencias judiciales","2.023","Asignados","2","173.062.400"
"CÓRDOBA","23","VALENCIA","23855","Sentencias judiciales","2.024","Asignados","10","1.084.453.261"
"CÓRDOBA","23","VALENCIA","23855","Sentencias judiciales","2.025","Asignados","6","706.067.180"
"CUNDINAMARCA","25","ALBÁN","25019","Sentencias judiciales","2.022","Asignados","1","78.450.000"
"CUNDINAMARCA","25","ALBÁN","25019","Sentencias judiciales","2.025","Asignados","1","99.645.000"
"CUNDINAMARCA","25","CAPARRAPÍ","25148","Sentencias judiciales","2.024","Asignados","1","114.400.000"
"CUNDINAMARCA","25","CHAGUANÍ","25168","Convocatoria","2.025","Asignados","4","48.000.000"
"CUNDINAMARCA","25","CHIPAQUE","25178","Convocatoria","2.025","Asignados","35","418.631.326"
"CUNDINAMARCA","25","CHIPAQUE","25178","Sentencias judiciales","2.025","Asignados","1","103.545.000"
"CUNDINAMARCA","25","FOSCA","25281","Convocatoria","2.025","Asignados","10","119.773.542"
"CUNDINAMARCA","25","LA PALMA","25394","Sentencias judiciales","2.023","Asignados","2","176.500.000"
"CUNDINAMARCA","25","LA PALMA","25394","Sentencias judiciales","2.025","Asignados","2","222.690.000"
"CUNDINAMARCA","25","MEDINA","25438","Convocatoria","2.025","Asignados","23","321.600.000"
"CUNDINAMARCA","25","MEDINA","25438","Sentencias judiciales","2.024","Asignados","1","109.200.000"
"CUNDINAMARCA","25","NIMAIMA","25489","Convocatoria","2.025","Asignados","28","335.393.543"
"CUNDINAMARCA","25","PARATEBUENO","25530","Sentencias judiciales","2.023","Asignados","1","81.200.000"
"CUNDINAMARCA","25","PULÍ","25580","Convocatoria","2.025","Asignados","8","96.000.000"
"CUNDINAMARCA","25","QUETAME","25594","Convocatoria","2.025","Asignados","16","192.000.000"
"CUNDINAMARCA","25","APULO","25599","Convocatoria","2.025","Asignados","12","144.000.000"
"CUNDINAMARCA","25","SAN CAYETANO","25653","Convocatoria","2.025","Asignados","21","252.000.000"
"CUNDINAMARCA","25","SAN JUAN DE RIOSECO","25662","Sentencias judiciales","2.025","Asignados","1","121.095.000"
"CUNDINAMARCA","25","TIBIRITA","25807","Convocatoria","2.025","Asignados","36","432.000.000"
"CUNDINAMARCA","25","TOCAIMA","25815","Sentencias judiciales","2.024","Asignados","1","91.000.000"
"CUNDINAMARCA","25","UBALÁ","25839","Convocatoria","2.025","Asignados","30","360.000.000"
"CUNDINAMARCA","25","ÚTICA","25851","Convocatoria","2.025","Asignados","19","228.000.000"
"CUNDINAMARCA","25","VERGARA","25862","Sentencias judiciales","2.025","Asignados","1","109.395.000"
"CUNDINAMARCA","25","YACOPÍ","25885","Sentencias judiciales","2.025","Asignados","2","233.740.000"
"CHOCÓ","27","QUIBDÓ","27001","Convocatoria","2.024","Asignados","17","414.203.946"
"CHOCÓ","27","QUIBDÓ","27001","Convocatoria","2.025","Asignados","25","803.261.783"
"CHOCÓ","27","ATRATO","27050","Convocatoria","2.023","Asignados","35","2.866.500.000"
"CHOCÓ","27","ATRATO","27050","Convocatoria","2.024","Asignados","5","458.753.260"
"CHOCÓ","27","ATRATO","27050","Convocatoria","2.025","Asignados","19","574.740.835"
"CHOCÓ","27","ATRATO","27050","Sentencias judiciales","2.024","Asignados","22","2.002.000.000"
"CHOCÓ","27","ATRATO","27050","Sentencias judiciales","2.025","Asignados","13","1.320.585.000"
"CHOCÓ","27","BAJO BAUDÓ","27077","Convocatoria","2.023","Asignados","40","3.276.774.560"
"CHOCÓ","27","CÉRTEGUI","27160","Convocatoria","2.025","Asignados","9","259.517.829"
"CHOCÓ","27","CÉRTEGUI","27160","Sentencias judiciales","2.025","Asignados","4","398.580.000"
"CHOCÓ","27","EL CARMEN DE ATRATO","27245","Convocatoria","2.025","Asignados","16","526.905.031"
"CHOCÓ","27","EL LITORAL DEL SAN JUAN","27250","Convocatoria","2.023","Asignados","32","2.598.400.000"
"CHOCÓ","27","EL LITORAL DEL SAN JUAN","27250","Convocatoria","2.024","Asignados","8","728.000.000"
"CHOCÓ","27","LLORÓ","27413","Sentencias judiciales","2.025","Asignados","61","7.019.961.900"
"CHOCÓ","27","MEDIO ATRATO","27425","Convocatoria","2.023","Asignados","102","8.282.400.000"
"CHOCÓ","27","MEDIO ATRATO","27425","Convocatoria","2.024","Asignados","17","1.547.000.000"
"CHOCÓ","27","MEDIO ATRATO","27425","Convocatoria","2.025","Asignados","1","99.645.000"
"CHOCÓ","27","MEDIO BAUDÓ","27430","Convocatoria","2.023","Asignados","79","6.704.910.392"
"CHOCÓ","27","MEDIO BAUDÓ","27430","Convocatoria","2.024","Asignados","1","91.000.000"
"CHOCÓ","27","RIOSUCIO","27615","Convocatoria","2.025","Asignados","29","1.036.700.000"
"CHOCÓ","27","RIOSUCIO","27615","Sentencias judiciales","2.025","Asignados","1","109.070.000"
"CHOCÓ","27","UNGUÍA","27800","Convocatoria","2.025","Asignados","22","893.134.000"
"CHOCÓ","27","UNGUÍA","27800","Sentencias judiciales","2.023","Asignados","3","284.100.000"
"CHOCÓ","27","UNIÓN PANAMERICANA","27810","Convocatoria","2.025","Asignados","17","483.868.182"
"HUILA","41","NEIVA","41001","Compromiso","2.025","Asignados","1","31.317.000"
"HUILA","41","NEIVA","41001","Convocatoria","2.025","Asignados","17","397.785.223"
"HUILA","41","ACEVEDO","41006","Sentencias judiciales","2.025","Asignados","1","125.022.000"
"HUILA","41","AIPE","41016","Sentencias judiciales","2.024","Asignados","1","99.459.000"
"HUILA","41","CAMPOALEGRE","41132","Compromiso","2.025","Asignados","2","130.962.000"
"HUILA","41","GARZÓN","41298","Convocatoria","2.022","Asignados","26","1.670.760.000"
"HUILA","41","GARZÓN","41298","Convocatoria","2.023","Asignados","15","1.118.124.000"
"HUILA","41","GARZÓN","41298","Convocatoria","2.024","Asignados","43","3.592.134.000"
"HUILA","41","GIGANTE","41306","Convocatoria","2.022","Asignados","18","1.156.680.000"
"HUILA","41","GIGANTE","41306","Convocatoria","2.023","Asignados","18","1.341.748.800"
"HUILA","41","GIGANTE","41306","Convocatoria","2.024","Asignados","12","1.002.456.000"
"HUILA","41","GUADALUPE","41319","Sentencias judiciales","2.024","Asignados","1","91.000.000"
"HUILA","41","ÍQUIRA","41357","Compromiso","2.025","Asignados","14","438.438.000"
"HUILA","41","ISNOS","41359","Compromiso","2.024","Asignados","4","114.400.000"
"HUILA","41","ISNOS","41359","Compromiso","2.025","Asignados","3","298.935.000"
"HUILA","41","ISNOS","41359","Sentencias judiciales","2.024","Asignados","1","91.000.000"
"HUILA","41","LA ARGENTINA","41378","Compromiso","2.024","Asignados","4","114.400.000"
"HUILA","41","LA ARGENTINA","41378","Compromiso","2.025","Asignados","11","887.033.000"
"HUILA","41","LA PLATA","41396","Compromiso","2.024","Asignados","53","3.413.558.585"
"HUILA","41","LA PLATA","41396","Compromiso","2.025","Asignados","21","1.616.412.000"
"HUILA","41","NÁTAGA","41483","Compromiso","2.024","Asignados","5","143.000.000"
"HUILA","41","NÁTAGA","41483","Compromiso","2.025","Asignados","6","583.342.000"
"HUILA","41","PALESTINA","41530","Compromiso","2.024","Asignados","3","85.800.000"
"HUILA","41","PALESTINA","41530","Compromiso","2.025","Asignados","3","298.935.000"
"HUILA","41","PITALITO","41551","Compromiso","2.024","Asignados","3","85.800.000"
"HUILA","41","PITALITO","41551","Compromiso","2.025","Asignados","9","573.865.000"
"HUILA","41","SAN AGUSTÍN","41668","Compromiso","2.025","Asignados","7","379.875.000"
"HUILA","41","SAN AGUSTÍN","41668","Convocatoria","2.024","Asignados","20","425.160.000"
"HUILA","41","SAN AGUSTÍN","41668","Convocatoria","2.025","Asignados","52","1.216.800.000"
"HUILA","41","TESALIA","41797","Compromiso","2.025","Asignados","1","31.317.000"
"HUILA","41","TELLO","41799","Compromiso","2.025","Asignados","1","120.645.000"
"HUILA","41","TIMANÁ","41807","Compromiso","2.025","Asignados","2","130.962.000"
"HUILA","41","VILLAVIEJA","41872","Compromiso","2.025","Asignados","1","31.317.000"
"LA GUAJIRA","44","RIOHACHA","44001","Convocatoria","2.025","Asignados","87","2.276.560.000"
"LA GUAJIRA","44","ALBANIA","44035","Convocatoria","2.025","Asignados","76","2.680.907.000"
"LA GUAJIRA","44","BARRANCAS","44078","Convocatoria","2.025","Asignados","90","3.120.339.304"
"LA GUAJIRA","44","DIBULLA","44090","Convocatoria","2.025","Asignados","91","3.476.247.000"
"LA GUAJIRA","44","DISTRACCIÓN","44098","Convocatoria","2.025","Asignados","76","2.613.628.000"
"LA GUAJIRA","44","EL MOLINO","44110","Convocatoria","2.025","Asignados","88","3.243.296.000"
"LA GUAJIRA","44","HATONUEVO","44378","Convocatoria","2.025","Asignados","88","3.026.758.812"
"LA GUAJIRA","44","LA JAGUA DEL PILAR","44420","Convocatoria","2.025","Asignados","47","1.746.129.000"
"LA GUAJIRA","44","MAICAO","44430","Convocatoria","2.024","Asignados","122","2.993.419.457"
"LA GUAJIRA","44","MAICAO","44430","Convocatoria","2.025","Asignados","3","70.200.000"
"LA GUAJIRA","44","MANAURE","44560","Convocatoria","2.025","Asignados","90","3.403.170.000"
"LA GUAJIRA","44","URIBIA","44847","Convocatoria","2.024","Asignados","14","1.327.899.762"
"LA GUAJIRA","44","URIBIA","44847","Convocatoria","2.025","Asignados","74","3.709.825.728"
"LA GUAJIRA","44","URUMITA","44855","Convocatoria","2.025","Asignados","59","2.201.103.000"
"LA GUAJIRA","44","VILLANUEVA","44874","Convocatoria","2.025","Asignados","67","2.437.539.000"
"MAGDALENA","47","SANTA MARTA","47001","Sentencias judiciales","2.022","Asignados","4","280.000.000"
"MAGDALENA","47","SANTA MARTA","47001","Sentencias judiciales","2.023","Asignados","6","579.151.300"
"MAGDALENA","47","SANTA MARTA","47001","Sentencias judiciales","2.024","Asignados","5","522.139.800"
"MAGDALENA","47","SANTA MARTA","47001","Sentencias judiciales","2.025","Asignados","2","225.898.400"
"MAGDALENA","47","ARACATACA","47053","Convocatoria","2.022","Asignados","57","3.662.820.000"
"MAGDALENA","47","ARACATACA","47053","Convocatoria","2.023","Asignados","103","7.677.782.700"
"MAGDALENA","47","ARACATACA","47053","Convocatoria","2.025","Asignados","140","3.276.000.000"
"MAGDALENA","47","CHIVOLO","47170","Sentencias judiciales","2.024","Asignados","1","114.491.790"
"MAGDALENA","47","CHIVOLO","47170","Sentencias judiciales","2.025","Asignados","1","123.566.380"
"MAGDALENA","47","CONCORDIA","47205","Convocatoria","2.025","Asignados","52","1.216.800.000"
"MAGDALENA","47","EL PIÑÓN","47258","Convocatoria","2.025","Asignados","6","140.400.000"
"MAGDALENA","47","EL PIÑÓN","47258","Sentencias judiciales","2.024","Asignados","4","423.214.400"
"MAGDALENA","47","FUNDACIÓN","47288","Convocatoria","2.024","Asignados","4","93.600.000"
"MAGDALENA","47","FUNDACIÓN","47288","Convocatoria","2.025","Asignados","64","1.504.800.000"
"MAGDALENA","47","FUNDACIÓN","47288","Sentencias judiciales","2.024","Asignados","1","105.803.600"
"MAGDALENA","47","PIVIJAY","47551","Convocatoria","2.024","Asignados","3","70.200.000"
"MAGDALENA","47","PIVIJAY","47551","Convocatoria","2.025","Asignados","10","234.000.000"
"MAGDALENA","47","PIVIJAY","47551","Sentencias judiciales","2.024","Asignados","1","105.803.600"
"MAGDALENA","47","SABANAS DE SAN ÁNGEL","47660","Sentencias judiciales","2.025","Asignados","1","113.306.200"
"MAGDALENA","47","SALAMINA","47675","Sentencias judiciales","2.024","Asignados","2","209.846.000"
"MAGDALENA","47","SAN SEBASTIÁN DE BUENAVISTA","47692","Convocatoria","2.025","Asignados","1","23.400.000"
"MAGDALENA","47","SAN ZENÓN","47703","Convocatoria","2.024","Asignados","62","1.450.800.000"
"MAGDALENA","47","SAN ZENÓN","47703","Convocatoria","2.025","Asignados","228","5.335.200.000"
"MAGDALENA","47","SANTA ANA","47707","Convocatoria","2.025","Asignados","8","187.200.000"
"MAGDALENA","47","SITIONUEVO","47745","Convocatoria","2.025","Asignados","20","468.000.000"
"MAGDALENA","47","SITIONUEVO","47745","Sentencias judiciales","2.024","Asignados","1","104.923.000"
"MAGDALENA","47","TENERIFE","47798","Convocatoria","2.025","Asignados","42","982.800.000"
"META","50","VILLAVICENCIO","50001","Sentencias judiciales","2.022","Asignados","3","217.150.000"
"META","50","EL DORADO","50270","Sentencias judiciales","2.023","Asignados","2","162.400.000"
"META","50","EL DORADO","50270","Sentencias judiciales","2.025","Asignados","2","218.270.000"
"META","50","FUENTE DE ORO","50287","Convocatoria","2.024","Asignados","23","2.093.000.000"
"META","50","FUENTE DE ORO","50287","Convocatoria","2.025","Asignados","2","199.290.000"
"META","50","PUERTO CONCORDIA","50450","Convocatoria","2.024","Asignados","28","2.548.000.000"
"META","50","PUERTO CONCORDIA","50450","Convocatoria","2.025","Asignados","4","398.580.000"
"META","50","PUERTO LLERAS","50577","Convocatoria","2.024","Asignados","19","1.729.000.000"
"META","50","PUERTO LLERAS","50577","Convocatoria","2.025","Asignados","8","797.160.000"
"META","50","PUERTO RICO","50590","Convocatoria","2.024","Asignados","21","1.911.000.000"
"META","50","PUERTO RICO","50590","Convocatoria","2.025","Asignados","11","1.096.095.000"
"META","50","SAN JUANITO","50686","Sentencias judiciales","2.025","Asignados","1","103.545.000"
"NARIÑO","52","PASTO","52001","Convocatoria","2.024","Asignados","106","1.806.920.550"
"NARIÑO","52","PASTO","52001","Convocatoria","2.025","Asignados","117","2.153.344.928"
"NARIÑO","52","PASTO","52001","Sentencias judiciales","2.022","Asignados","8","664.432.568"
"NARIÑO","52","PASTO","52001","Sentencias judiciales","2.023","Asignados","13","1.110.557.380"
"NARIÑO","52","PASTO","52001","Sentencias judiciales","2.024","Asignados","1","91.000.000"
"NARIÑO","52","PASTO","52001","Sentencias judiciales","2.025","Asignados","3","323.895.000"
"NARIÑO","52","ALBÁN","52019","Convocatoria","2.025","Asignados","16","374.400.000"
"NARIÑO","52","ALBÁN","52019","Sentencias judiciales","2.023","Asignados","1","81.200.000"
"NARIÑO","52","ALBÁN","52019","Sentencias judiciales","2.025","Asignados","2","213.886.000"
"NARIÑO","52","ALDANA","52022","Convocatoria","2.024","Asignados","24","561.600.000"
"NARIÑO","52","ALDANA","52022","Convocatoria","2.025","Asignados","109","2.480.400.000"
"NARIÑO","52","BARBACOAS","52079","Convocatoria","2.023","Asignados","81","6.577.200.000"
"NARIÑO","52","BARBACOAS","52079","Convocatoria","2.024","Asignados","4","364.000.000"
"NARIÑO","52","BARBACOAS","52079","Convocatoria","2.025","Asignados","14","1.395.030.000"
"NARIÑO","52","COLÓN","52203","Convocatoria","2.025","Asignados","107","2.503.298.373"
"NARIÑO","52","CONTADERO","52210","Convocatoria","2.025","Asignados","4","93.600.000"
"NARIÑO","52","CÓRDOBA","52215","Convocatoria","2.025","Asignados","10","234.000.000"
"NARIÑO","52","CUASPUD CARLOSAMA","52224","Convocatoria","2.025","Asignados","7","163.800.000"
"NARIÑO","52","CUMBAL","52227","Convocatoria","2.024","Asignados","70","1.638.000.000"
"NARIÑO","52","CUMBAL","52227","Convocatoria","2.025","Asignados","170","3.837.600.000"
"NARIÑO","52","EL ROSARIO","52256","Sentencias judiciales","2.023","Asignados","1","81.200.000"
"NARIÑO","52","EL ROSARIO","52256","Sentencias judiciales","2.025","Asignados","2","211.594.000"
"NARIÑO","52","EL TABLÓN DE GÓMEZ","52258","Sentencias judiciales","2.022","Asignados","8","606.840.185"
"NARIÑO","52","EL TABLÓN DE GÓMEZ","52258","Sentencias judiciales","2.023","Asignados","3","268.548.922"
"NARIÑO","52","EL TABLÓN DE GÓMEZ","52258","Sentencias judiciales","2.024","Asignados","2","201.994.000"
"NARIÑO","52","EL TABLÓN DE GÓMEZ","52258","Sentencias judiciales","2.025","Asignados","5","534.368.000"
"NARIÑO","52","FUNES","52287","Convocatoria","2.025","Asignados","5","117.000.000"
"NARIÑO","52","GUACHUCAL","52317","Convocatoria","2.024","Asignados","52","1.185.600.000"
"NARIÑO","52","GUACHUCAL","52317","Convocatoria","2.025","Asignados","89","2.012.400.000"
"NARIÑO","52","ILES","52352","Convocatoria","2.024","Asignados","54","1.147.500.222"
"NARIÑO","52","ILES","52352","Convocatoria","2.025","Asignados","29","677.140.767"
"NARIÑO","52","IPIALES","52356","Convocatoria","2.025","Asignados","18","421.200.000"
"NARIÑO","52","IPIALES","52356","Sentencias judiciales","2.025","Asignados","1","99.645.000"
"NARIÑO","52","LA CRUZ","52378","Convocatoria","2.025","Asignados","10","234.000.000"
"NARIÑO","52","LA UNIÓN","52399","Convocatoria","2.025","Asignados","12","280.800.000"
"NARIÑO","52","LOS ANDES","52418","Sentencias judiciales","2.023","Asignados","3","257.120.704"
"NARIÑO","52","LOS ANDES","52418","Sentencias judiciales","2.024","Asignados","1","91.000.000"
"NARIÑO","52","LOS ANDES","52418","Sentencias judiciales","2.025","Asignados","1","104.643.500"
"NARIÑO","52","MALLAMA","52435","Convocatoria","2.025","Asignados","8","187.200.000"
"NARIÑO","52","POLICARPA","52540","Sentencias judiciales","2.023","Asignados","5","418.304.000"
"NARIÑO","52","POLICARPA","52540","Sentencias judiciales","2.024","Asignados","2","186.646.400"
"NARIÑO","52","POLICARPA","52540","Sentencias judiciales","2.025","Asignados","1","110.411.000"
"NARIÑO","52","POTOSÍ","52560","Convocatoria","2.025","Asignados","6","140.400.000"
"NARIÑO","52","PUERRES","52573","Convocatoria","2.025","Asignados","2","46.800.000"
"NARIÑO","52","PUPIALES","52585","Convocatoria","2.025","Asignados","6","140.400.000"
"NARIÑO","52","RICAURTE","52612","Convocatoria","2.023","Asignados","64","5.196.800.000"
"NARIÑO","52","RICAURTE","52612","Convocatoria","2.024","Asignados","19","1.729.000.000"
"NARIÑO","52","RICAURTE","52612","Convocatoria","2.025","Asignados","10","462.735.000"
"NARIÑO","52","SAMANIEGO","52678","Convocatoria","2.025","Asignados","10","234.000.000"
"NARIÑO","52","SANDONÁ","52683","Convocatoria","2.025","Asignados","13","304.200.000"
"NARIÑO","52","SAN PABLO","52693","Convocatoria","2.025","Asignados","9","210.600.000"
"NARIÑO","52","SAN PABLO","52693","Sentencias judiciales","2.025","Asignados","1","109.642.000"
"NARIÑO","52","SAPUYES","52720","Convocatoria","2.025","Asignados","8","187.200.000"
"NARIÑO","52","TANGUA","52788","Convocatoria","2.025","Asignados","6","140.400.000"
"NARIÑO","52","TANGUA","52788","Sentencias judiciales","2.023","Asignados","2","176.781.218"
"NARIÑO","52","TANGUA","52788","Sentencias judiciales","2.024","Asignados","1","91.000.000"
"NARIÑO","52","SAN ANDRÉS DE TUMACO","52835","Convocatoria","2.024","Asignados","157","3.469.774.525"
"NARIÑO","52","SAN ANDRÉS DE TUMACO","52835","Convocatoria","2.025","Asignados","223","5.652.907.454"
"NARIÑO","52","SAN ANDRÉS DE TUMACO","52835","Sentencias judiciales","2.022","Asignados","1","70.000.000"
"NARIÑO","52","SAN ANDRÉS DE TUMACO","52835","Sentencias judiciales","2.023","Asignados","1","93.033.694"
"NARIÑO","52","TÚQUERRES","52838","Convocatoria","2.024","Asignados","53","1.232.400.000"
"NARIÑO","52","TÚQUERRES","52838","Convocatoria","2.025","Asignados","120","2.737.800.000"
"NARIÑO","52","YACUANQUER","52885","Convocatoria","2.025","Asignados","17","397.800.000"
"NORTE DE SANTANDER","54","SAN JOSÉ DE CÚCUTA","54001","Convocatoria","2.024","Asignados","151","3.853.520.000"
"NORTE DE SANTANDER","54","SAN JOSÉ DE CÚCUTA","54001","Sentencias judiciales","2.022","Asignados","9","673.875.000"
"NORTE DE SANTANDER","54","SAN JOSÉ DE CÚCUTA","54001","Sentencias judiciales","2.023","Asignados","8","709.106.900"
"NORTE DE SANTANDER","54","SAN JOSÉ DE CÚCUTA","54001","Sentencias judiciales","2.024","Asignados","3","305.467.000"
"NORTE DE SANTANDER","54","ÁBREGO","54003","Sentencias judiciales","2.022","Asignados","1","70.000.000"
"NORTE DE SANTANDER","54","ÁBREGO","54003","Sentencias judiciales","2.023","Asignados","2","185.150.000"
"NORTE DE SANTANDER","54","ÁBREGO","54003","Sentencias judiciales","2.024","Asignados","1","93.080.000"
"NORTE DE SANTANDER","54","ÁBREGO","54003","Sentencias judiciales","2.025","Asignados","1","107.445.000"
"NORTE DE SANTANDER","54","BOCHALEMA","54099","Sentencias judiciales","2.025","Asignados","1","128.115.000"
"NORTE DE SANTANDER","54","CONVENCIÓN","54206","Convocatoria","2.022","Asignados","11","706.860.000"
"NORTE DE SANTANDER","54","CONVENCIÓN","54206","Convocatoria","2.023","Asignados","21","1.565.373.600"
"NORTE DE SANTANDER","54","CONVENCIÓN","54206","Convocatoria","2.024","Asignados","6","501.228.000"
"NORTE DE SANTANDER","54","CONVENCIÓN","54206","Convocatoria","2.025","Asignados","21","782.080.988"
"NORTE DE SANTANDER","54","EL CARMEN","54245","Convocatoria","2.022","Asignados","34","2.184.840.000"
"NORTE DE SANTANDER","54","EL CARMEN","54245","Convocatoria","2.024","Asignados","3","250.614.000"
"NORTE DE SANTANDER","54","EL CARMEN","54245","Convocatoria","2.025","Asignados","1","91.474.110"
"NORTE DE SANTANDER","54","HACARÍ","54344","Convocatoria","2.025","Asignados","19","694.093.200"
"NORTE DE SANTANDER","54","LABATECA","54377","Convocatoria","2.025","Asignados","4","93.600.000"
"NORTE DE SANTANDER","54","MUTISCUA","54480","Sentencias judiciales","2.025","Asignados","1","108.745.000"
"NORTE DE SANTANDER","54","OCAÑA","54498","Sentencias judiciales","2.024","Asignados","2","188.500.000"
"NORTE DE SANTANDER","54","PUERTO SANTANDER","54553","Convocatoria","2.025","Asignados","4","93.600.000"
"NORTE DE SANTANDER","54","SAN CALIXTO","54670","Convocatoria","2.023","Asignados","31","2.310.789.600"
"NORTE DE SANTANDER","54","SAN CALIXTO","54670","Convocatoria","2.024","Asignados","7","584.766.000"
"NORTE DE SANTANDER","54","SAN CALIXTO","54670","Convocatoria","2.025","Asignados","21","777.751.588"
"NORTE DE SANTANDER","54","SANTIAGO","54680","Sentencias judiciales","2.024","Asignados","1","98.800.000"
"NORTE DE SANTANDER","54","SARDINATA","54720","Convocatoria","2.025","Asignados","15","558.593.000"
"NORTE DE SANTANDER","54","TEORAMA","54800","Convocatoria","2.023","Asignados","38","2.832.580.800"
"NORTE DE SANTANDER","54","TEORAMA","54800","Convocatoria","2.024","Asignados","7","584.766.000"
"NORTE DE SANTANDER","54","TEORAMA","54800","Convocatoria","2.025","Asignados","99","2.663.803.872"
"NORTE DE SANTANDER","54","TIBÚ","54810","Convocatoria","2.025","Asignados","16","602.325.314"
"QUINDÍO","63","BUENAVISTA","63111","Convocatoria","2.025","Asignados","10","234.000.000"
"QUINDÍO","63","CALARCÁ","63130","Convocatoria","2.025","Asignados","10","177.840.000"
"QUINDÍO","63","CIRCASIA","63190","Convocatoria","2.025","Asignados","10","234.000.000"
"QUINDÍO","63","CÓRDOBA","63212","Convocatoria","2.025","Asignados","10","163.800.000"
"QUINDÍO","63","FILANDIA","63272","Convocatoria","2.025","Asignados","10","234.000.000"
"QUINDÍO","63","GÉNOVA","63302","Convocatoria","2.025","Asignados","15","343.980.000"
"QUINDÍO","63","LA TEBAIDA","63401","Convocatoria","2.025","Asignados","10","163.800.000"
"QUINDÍO","63","PIJAO","63548","Convocatoria","2.025","Asignados","10","226.980.000"
"QUINDÍO","63","SALENTO","63690","Convocatoria","2.025","Asignados","15","266.760.000"
"RISARALDA","66","PEREIRA","66001","Convocatoria","2.024","Asignados","64","1.633.280.000"
"RISARALDA","66","PEREIRA","66001","Convocatoria","2.025","Asignados","3","76.560.000"
"RISARALDA","66","PEREIRA","66001","Sentencias judiciales","2.022","Asignados","13","967.785.000"
"RISARALDA","66","PEREIRA","66001","Sentencias judiciales","2.023","Asignados","1","92.120.000"
"RISARALDA","66","PEREIRA","66001","Sentencias judiciales","2.024","Asignados","2","201.500.000"
"RISARALDA","66","GUÁTICA","66318","Sentencias judiciales","2.022","Asignados","1","75.200.000"
"RISARALDA","66","GUÁTICA","66318","Sentencias judiciales","2.025","Asignados","1","108.420.000"
"RISARALDA","66","QUINCHÍA","66594","Compromiso","2.025","Asignados","10","928.122.000"
"RISARALDA","66","QUINCHÍA","66594","Sentencias judiciales","2.025","Asignados","2","213.265.000"
"RISARALDA","66","SANTA ROSA DE CABAL","66682","Sentencias judiciales","2.023","Asignados","1","81.200.000"
"SANTANDER","68","BUCARAMANGA","68001","Convocatoria","2.024","Asignados","74","1.888.480.000"
"SANTANDER","68","BUCARAMANGA","68001","Convocatoria","2.025","Asignados","3","76.560.000"
"SANTANDER","68","BUCARAMANGA","68001","Sentencias judiciales","2.022","Asignados","1","90.000.000"
"SANTANDER","68","BUCARAMANGA","68001","Sentencias judiciales","2.024","Asignados","1","97.500.000"
"SANTANDER","68","BARRANCABERMEJA","68081","Sentencias judiciales","2.024","Asignados","1","94.250.000"
"SANTANDER","68","CERRITO","68162","Convocatoria","2.025","Asignados","23","411.840.000"
"SANTANDER","68","CHIMA","68176","Convocatoria","2.025","Asignados","22","451.620.000"
"SANTANDER","68","CIMITARRA","68190","Convocatoria","2.025","Asignados","10","163.800.000"
"SANTANDER","68","CIMITARRA","68190","Sentencias judiciales","2.023","Asignados","1","102.650.000"
"SANTANDER","68","CIMITARRA","68190","Sentencias judiciales","2.024","Asignados","1","112.125.000"
"SANTANDER","68","CIMITARRA","68190","Sentencias judiciales","2.025","Asignados","1","122.395.000"
"SANTANDER","68","COROMORO","68217","Convocatoria","2.025","Asignados","23","383.760.000"
"SANTANDER","68","EL CARMEN DE CHUCURÍ","68235","Sentencias judiciales","2.024","Asignados","1","104.000.000"
"SANTANDER","68","EL CARMEN DE CHUCURÍ","68235","Sentencias judiciales","2.025","Asignados","1","112.645.000"
"SANTANDER","68","EL PLAYÓN","68255","Sentencias judiciales","2.025","Asignados","1","104.845.000"
"SANTANDER","68","FLORIDABLANCA","68276","Convocatoria","2.024","Asignados","44","1.122.880.000"
"SANTANDER","68","FLORIDABLANCA","68276","Convocatoria","2.025","Asignados","5","127.600.000"
"SANTANDER","68","GIRÓN","68307","Sentencias judiciales","2.023","Asignados","1","81.200.000"
"SANTANDER","68","GUAVATÁ","68324","Convocatoria","2.025","Asignados","19","388.440.000"
"SANTANDER","68","LA PAZ","68397","Convocatoria","2.025","Asignados","23","411.840.000"
"SANTANDER","68","PALMAS DEL SOCORRO","68524","Convocatoria","2.025","Asignados","23","397.800.000"
"SANTANDER","68","PÁRAMO","68533","Convocatoria","2.025","Asignados","22","514.800.000"
"SANTANDER","68","PUERTO PARRA","68573","Convocatoria","2.025","Asignados","19","423.540.000"
"SANTANDER","68","RIONEGRO","68615","Sentencias judiciales","2.023","Asignados","1","102.000.000"
"SANTANDER","68","RIONEGRO","68615","Sentencias judiciales","2.024","Asignados","1","91.000.000"
"SANTANDER","68","RIONEGRO","68615","Sentencias judiciales","2.025","Asignados","1","115.245.000"
"SANTANDER","68","SABANA DE TORRES","68655","Sentencias judiciales","2.025","Asignados","1","101.920.000"
"SANTANDER","68","SAN VICENTE DE CHUCURÍ","68689","Sentencias judiciales","2.022","Asignados","1","70.000.000"
"SANTANDER","68","SIMACOTA","68745","Sentencias judiciales","2.023","Asignados","1","96.800.000"
"SANTANDER","68","SUAITA","68770","Convocatoria","2.025","Asignados","21","379.080.000"
"SANTANDER","68","TONA","68820","Convocatoria","2.025","Asignados","22","381.420.000"
"SUCRE","70","SINCELEJO","70001","Convocatoria","2.024","Asignados","154","3.930.080.000"
"SUCRE","70","SINCELEJO","70001","Convocatoria","2.025","Asignados","6","142.520.000"
"SUCRE","70","SINCELEJO","70001","Sentencias judiciales","2.023","Asignados","4","349.932.800"
"SUCRE","70","SINCELEJO","70001","Sentencias judiciales","2.024","Asignados","1","101.519.600"
"SUCRE","70","SINCELEJO","70001","Sentencias judiciales","2.025","Asignados","1","99.645.000"
"SUCRE","70","COLOSÓ","70204","Convocatoria","2.025","Asignados","87","2.035.800.000"
"SUCRE","70","COLOSÓ","70204","Sentencias judiciales","2.024","Asignados","3","323.084.720"
"SUCRE","70","COLOSÓ","70204","Sentencias judiciales","2.025","Asignados","1","112.306.600"
"SUCRE","70","CHALÁN","70230","Convocatoria","2.025","Asignados","9","210.600.000"
"SUCRE","70","LOS PALMITOS","70418","Convocatoria","2.024","Asignados","4","102.080.000"
"SUCRE","70","LOS PALMITOS","70418","Convocatoria","2.025","Asignados","148","3.585.896.668"
"SUCRE","70","LOS PALMITOS","70418","Sentencias judiciales","2.024","Asignados","2","202.420.400"
"SUCRE","70","MAJAGUAL","70429","Convocatoria","2.025","Asignados","46","1.076.400.000"
"SUCRE","70","MORROA","70473","Convocatoria","2.022","Asignados","26","1.670.760.000"
"SUCRE","70","MORROA","70473","Convocatoria","2.023","Asignados","10","745.416.000"
"SUCRE","70","MORROA","70473","Convocatoria","2.024","Asignados","22","793.512.000"
"SUCRE","70","MORROA","70473","Convocatoria","2.025","Asignados","63","1.511.782.420"
"SUCRE","70","MORROA","70473","Sentencias judiciales","2.023","Asignados","9","782.684.000"
"SUCRE","70","MORROA","70473","Sentencias judiciales","2.024","Asignados","12","1.242.840.707"
"SUCRE","70","MORROA","70473","Sentencias judiciales","2.025","Asignados","1","99.645.000"
"SUCRE","70","OVEJAS","70508","Sentencias judiciales","2.024","Asignados","5","539.566.160"
"SUCRE","70","OVEJAS","70508","Sentencias judiciales","2.025","Asignados","1","99.645.000"
"SUCRE","70","PALMITO","70523","Convocatoria","2.022","Asignados","32","2.056.320.000"
"SUCRE","70","PALMITO","70523","Convocatoria","2.023","Asignados","8","596.332.800"
"SUCRE","70","PALMITO","70523","Convocatoria","2.024","Asignados","19","484.880.000"
"SUCRE","70","PALMITO","70523","Convocatoria","2.025","Asignados","3","97.409.418"
"SUCRE","70","SAMPUÉS","70670","Convocatoria","2.022","Asignados","14","899.640.000"
"SUCRE","70","SAMPUÉS","70670","Convocatoria","2.023","Asignados","13","969.040.800"
"SUCRE","70","SAMPUÉS","70670","Convocatoria","2.024","Asignados","3","250.614.000"
"SUCRE","70","SAN MARCOS","70708","Convocatoria","2.025","Asignados","3","70.200.000"
"SUCRE","70","SAN ONOFRE","70713","Convocatoria","2.022","Asignados","29","1.863.540.000"
"SUCRE","70","SAN ONOFRE","70713","Convocatoria","2.023","Asignados","8","596.332.800"
"SUCRE","70","SAN ONOFRE","70713","Convocatoria","2.024","Asignados","3","250.614.000"
"SUCRE","70","SAN ONOFRE","70713","Convocatoria","2.025","Asignados","30","702.000.000"
"SUCRE","70","SAN ONOFRE","70713","Sentencias judiciales","2.025","Asignados","2","239.464.400"
"SUCRE","70","SAN LUIS DE SINCÉ","70742","Convocatoria","2.022","Asignados","24","1.542.240.000"
"SUCRE","70","SAN LUIS DE SINCÉ","70742","Convocatoria","2.023","Asignados","21","1.565.373.600"
"SUCRE","70","SAN LUIS DE SINCÉ","70742","Convocatoria","2.024","Asignados","5","417.690.000"
"SUCRE","70","SAN LUIS DE SINCÉ","70742","Sentencias judiciales","2.025","Asignados","1","99.645.000"
"SUCRE","70","SANTIAGO DE TOLÚ","70820","Convocatoria","2.025","Asignados","17","397.800.000"
"SUCRE","70","SAN JOSÉ DE TOLUVIEJO","70823","Convocatoria","2.024","Asignados","16","408.320.000"
"SUCRE","70","SAN JOSÉ DE TOLUVIEJO","70823","Convocatoria","2.025","Asignados","193","4.572.573.054"
"TOLIMA","73","IBAGUÉ","73001","Sentencias judiciales","2.022","Asignados","14","1.048.575.000"
"TOLIMA","73","IBAGUÉ","73001","Sentencias judiciales","2.023","Asignados","7","644.786.386"
"TOLIMA","73","IBAGUÉ","73001","Sentencias judiciales","2.024","Asignados","2","217.750.000"
"TOLIMA","73","IBAGUÉ","73001","Sentencias judiciales","2.025","Asignados","4","486.293.000"
"TOLIMA","73","ANZOÁTEGUI","73043","Sentencias judiciales","2.025","Asignados","1","110.045.000"
"TOLIMA","73","ATACO","73067","Sentencias judiciales","2.023","Asignados","1","97.450.000"
"TOLIMA","73","ATACO","73067","Sentencias judiciales","2.025","Asignados","3","370.955.000"
"TOLIMA","73","CHAPARRAL","73168","Sentencias judiciales","2.025","Asignados","1","128.115.000"
"TOLIMA","73","COYAIMA","73217","Sentencias judiciales","2.024","Asignados","1","100.750.000"
"TOLIMA","73","FRESNO","73283","Sentencias judiciales","2.023","Asignados","2","171.695.320"
"TOLIMA","73","HERVEO","73347","Sentencias judiciales","2.023","Asignados","1","95.500.000"
"TOLIMA","73","HERVEO","73347","Sentencias judiciales","2.025","Asignados","1","110.045.000"
"TOLIMA","73","LÍBANO","73411","Sentencias judiciales","2.023","Asignados","1","100.700.000"
"TOLIMA","73","LÍBANO","73411","Sentencias judiciales","2.025","Asignados","1","120.445.000"
"TOLIMA","73","NATAGAIMA","73483","Convocatoria","2.023","Asignados","15","1.218.000.000"
"TOLIMA","73","ORTEGA","73504","Convocatoria","2.025","Asignados","4","93.594.813"
"TOLIMA","73","ORTEGA","73504","Sentencias judiciales","2.023","Asignados","1","102.975.000"
"TOLIMA","73","RIOBLANCO","73616","Convocatoria","2.025","Asignados","13","452.477.000"
"TOLIMA","73","SAN ANTONIO","73675","Sentencias judiciales","2.024","Asignados","1","96.200.000"
"TOLIMA","73","SAN LUIS","73678","Sentencias judiciales","2.025","Asignados","1","113.295.000"
"TOLIMA","73","SANTA ISABEL","73686","Sentencias judiciales","2.023","Asignados","1","97.450.000"
"TOLIMA","73","VALLE DE SAN JUAN","73854","Sentencias judiciales","2.025","Asignados","1","112.645.000"
"TOLIMA","73","VENADILLO","73861","Sentencias judiciales","2.023","Asignados","1","98.100.000"
"TOLIMA","73","VILLAHERMOSA","73870","Sentencias judiciales","2.025","Asignados","1","122.395.000"
"VALLE DEL CAUCA","76","SANTIAGO DE CALI","76001","Sentencias judiciales","2.022","Asignados","13","999.144.622"
"VALLE DEL CAUCA","76","SANTIAGO DE CALI","76001","Sentencias judiciales","2.023","Asignados","47","4.573.941.477"
"VALLE DEL CAUCA","76","SANTIAGO DE CALI","76001","Sentencias judiciales","2.024","Asignados","3","311.589.270"
"VALLE DEL CAUCA","76","SANTIAGO DE CALI","76001","Sentencias judiciales","2.025","Asignados","2","221.040.000"
"VALLE DEL CAUCA","76","BUENAVENTURA","76109","Convocatoria","2.024","Asignados","125","11.788.036.409"
"VALLE DEL CAUCA","76","BUENAVENTURA","76109","Convocatoria","2.025","Asignados","4","332.247.874"
"VALLE DEL CAUCA","76","BUENAVENTURA","76109","Sentencias judiciales","2.024","Asignados","73","8.540.854.000"
"VALLE DEL CAUCA","76","GUADALAJARA DE BUGA","76111","Sentencias judiciales","2.024","Asignados","1","113.505.718"
"VALLE DEL CAUCA","76","DAGUA","76233","Convocatoria","2.023","Asignados","20","1.624.000.000"
"VALLE DEL CAUCA","76","EL ÁGUILA","76243","Convocatoria","2.025","Asignados","5","109.899.720"
"VALLE DEL CAUCA","76","EL DOVIO","76250","Convocatoria","2.024","Asignados","3","70.200.000"
"VALLE DEL CAUCA","76","EL DOVIO","76250","Convocatoria","2.025","Asignados","6","161.200.000"
"VALLE DEL CAUCA","76","PALMIRA","76520","Sentencias judiciales","2.023","Asignados","1","86.870.000"
"VALLE DEL CAUCA","76","PRADERA","76563","Sentencias judiciales","2.023","Asignados","1","96.318.000"
"VALLE DEL CAUCA","76","RIOFRÍO","76616","Sentencias judiciales","2.024","Asignados","2","220.166.891"
"VALLE DEL CAUCA","76","ROLDANILLO","76622","Sentencias judiciales","2.023","Asignados","1","87.570.000"
"VALLE DEL CAUCA","76","TRUJILLO","76828","Sentencias judiciales","2.023","Asignados","1","93.975.000"
"VALLE DEL CAUCA","76","TULUÁ","76834","Convocatoria","2.025","Asignados","2","43.959.888"
"VALLE DEL CAUCA","76","TULUÁ","76834","Sentencias judiciales","2.023","Asignados","1","93.973.920"
"ARAUCA","81","ARAUCA","81001","Convocatoria","2.024","Asignados","26","1.171.553.624"
"ARAUCA","81","ARAUCA","81001","Convocatoria","2.025","Asignados","69","3.973.214.630"
"ARAUCA","81","ARAUQUITA","81065","Convocatoria","2.024","Asignados","354","16.947.282.820"
"ARAUCA","81","ARAUQUITA","81065","Convocatoria","2.025","Asignados","347","20.888.279.741"
"ARAUCA","81","FORTUL","81300","Convocatoria","2.022","Asignados","49","3.148.740.000"
"ARAUCA","81","FORTUL","81300","Convocatoria","2.023","Asignados","30","2.236.248.000"
"ARAUCA","81","FORTUL","81300","Convocatoria","2.024","Asignados","1","83.538.000"
"ARAUCA","81","TAME","81794","Convocatoria","2.022","Asignados","50","3.213.000.000"
"ARAUCA","81","TAME","81794","Convocatoria","2.023","Asignados","29","2.161.706.400"
"ARAUCA","81","TAME","81794","Convocatoria","2.024","Asignados","1","83.538.000"
"CASANARE","85","YOPAL","85001","Convocatoria","2.025","Asignados","73","1.889.030.000"
"CASANARE","85","AGUAZUL","85010","Convocatoria","2.023","Asignados","22","1.786.400.000"
"CASANARE","85","AGUAZUL","85010","Convocatoria","2.024","Asignados","1","91.000.000"
"CASANARE","85","CHÁMEZA","85015","Convocatoria","2.023","Asignados","36","2.923.200.000"
"CASANARE","85","CHÁMEZA","85015","Convocatoria","2.025","Asignados","4","398.580.000"
"CASANARE","85","NUNCHÍA","85225","Convocatoria","2.023","Asignados","17","1.380.400.000"
"CASANARE","85","RECETOR","85279","Convocatoria","2.023","Asignados","16","1.299.200.000"
"CASANARE","85","RECETOR","85279","Convocatoria","2.024","Asignados","1","91.000.000"
"CASANARE","85","TAURAMENA","85410","Convocatoria","2.023","Asignados","18","1.461.600.000"
"PUTUMAYO","86","MOCOA","86001","Sentencias judiciales","2.022","Asignados","5","350.000.000"
"PUTUMAYO","86","MOCOA","86001","Sentencias judiciales","2.023","Asignados","1","96.580.000"
"PUTUMAYO","86","MOCOA","86001","Sentencias judiciales","2.024","Asignados","3","288.304.000"
"PUTUMAYO","86","MOCOA","86001","Sentencias judiciales","2.025","Asignados","1","122.715.000"
"PUTUMAYO","86","ORITO","86320","Convocatoria","2.024","Asignados","74","6.734.000.000"
"PUTUMAYO","86","ORITO","86320","Convocatoria","2.025","Asignados","6","3.288.285.000"
"PUTUMAYO","86","PUERTO ASÍS","86568","Convocatoria","2.025","Asignados","10","260.000.000"
"PUTUMAYO","86","PUERTO CAICEDO","86569","Sentencias judiciales","2.025","Asignados","1","125.407.000"
"PUTUMAYO","86","PUERTO GUZMÁN","86571","Convocatoria","2.025","Asignados","3","70.200.000"
"PUTUMAYO","86","SAN MIGUEL","86757","Convocatoria","2.023","Asignados","34","2.760.800.000"
"PUTUMAYO","86","SAN MIGUEL","86757","Convocatoria","2.024","Asignados","6","546.000.000"
"PUTUMAYO","86","SAN MIGUEL","86757","Sentencias judiciales","2.025","Asignados","1","109.642.000"
"PUTUMAYO","86","VALLE DEL GUAMUEZ","86865","Convocatoria","2.023","Asignados","40","3.248.000.000"
"PUTUMAYO","86","VALLE DEL GUAMUEZ","86865","Sentencias judiciales","2.024","Asignados","2","190.843.500"
"PUTUMAYO","86","VALLE DEL GUAMUEZ","86865","Sentencias judiciales","2.025","Asignados","2","204.673.000"
"PUTUMAYO","86","VILLAGARZÓN","86885","Convocatoria","2.024","Asignados","2","77.906.454"
"PUTUMAYO","86","VILLAGARZÓN","86885","Convocatoria","2.025","Asignados","58","1.785.060.000"
"ARCHIPIÉLAGO DE SAN ANDRÉS, PROVIDENCIA Y SANTA CATALINA","88","SAN ANDRÉS","88001","Convocatoria","2.024","Asignados","12","467.801.350"
"ARCHIPIÉLAGO DE SAN ANDRÉS, PROVIDENCIA Y SANTA CATALINA","88","SAN ANDRÉS","88001","Convocatoria","2.025","Asignados","3","116.978.463"
"AMAZONAS","91","LA CHORRERA","91405","Convocatoria","2.023","Asignados","98","10.231.200.000"
"AMAZONAS","91","LA CHORRERA","91405","Convocatoria","2.024","Asignados","15","1.755.000.000"
"AMAZONAS","91","LA CHORRERA","91405","Convocatoria","2.025","Asignados","11","1.565.850.000"
"GUAVIARE","95","SAN JOSÉ DEL GUAVIARE","95001","Compromiso","2.023","Asignados","80","6.496.000.000"
"GUAVIARE","95","SAN JOSÉ DEL GUAVIARE","95001","Convocatoria","2.023","Asignados","76","6.171.200.000"
"GUAVIARE","95","SAN JOSÉ DEL GUAVIARE","95001","Convocatoria","2.024","Asignados","5","330.200.000"
"GUAVIARE","95","SAN JOSÉ DEL GUAVIARE","95001","Convocatoria","2.025","Asignados","19","801.645.000"
"GUAVIARE","95","CALAMAR","95015","Convocatoria","2.023","Asignados","40","3.248.000.000"
"GUAVIARE","95","CALAMAR","95015","Convocatoria","2.024","Asignados","10","722.800.000"
"GUAVIARE","95","CALAMAR","95015","Convocatoria","2.025","Asignados","6","294.645.000"
"GUAVIARE","95","EL RETORNO","95025","Convocatoria","2.024","Asignados","2","57.200.000"
"GUAVIARE","95","EL RETORNO","95025","Convocatoria","2.025","Asignados","9","351.000.000"
"GUAVIARE","95","MIRAFLORES","95200","Convocatoria","2.024","Asignados","32","2.912.000.000"
"VICHADA","99","LA PRIMAVERA","99524","Convocatoria","2.022","Asignados","18","1.156.680.000"
"VICHADA","99","SANTA ROSALÍA","99624","Convocatoria","2.022","Asignados","9","578.340.000"
"VICHADA","99","SANTA ROSALÍA","99624","Convocatoria","2.023","Asignados","3","223.624.800"
"VICHADA","99","SANTA ROSALÍA","99624","Sentencias judiciales","2.025","Asignados","1","118.415.500"
"VICHADA","99","CUMARIBO","99773","Convocatoria","2.025","Asignados","1","91.474.110"
